--======================================================================================================================================================================================================--
/* CORE EXPANSION DISTRICT */
--======================================================================================================================================================================================================--
INSERT INTO Types
(	Type,								Kind			)	VALUES
(	'DISTRICT_COREEXPANSIONA',			'KIND_DISTRICT'	),
(	'BUILDING_COREXA_TIER1_SCI',		'KIND_BUILDING'	),
(	'BUILDING_COREXA_TIER1_CUL',		'KIND_BUILDING'	),
(	'BUILDING_COREXA_TIER1_FAI',		'KIND_BUILDING'	),
(	'BUILDING_COREXA_TIER2_PLUSDIS',	'KIND_BUILDING'	),
(	'BUILDING_COREXA_TIER2_PRODDIS',	'KIND_BUILDING'	),
(	'BUILDING_COREXA_TIER2_DUBADJ',		'KIND_BUILDING'	),
(	'BUILDING_COREXA_TIER3_DP_TOUR',	'KIND_BUILDING'	),
(	'BUILDING_COREXA_TIER3_DP_EDU',		'KIND_BUILDING'	),
(	'BUILDING_COREXA_TIER3_DP_ENRGY',	'KIND_BUILDING'	),
(	'BUILDING_COREXA_TIER3_DP_AGRI',	'KIND_BUILDING'	),
(	'BUILDING_COREXA_TIER3_DP_ECONOM',	'KIND_BUILDING'	);

INSERT INTO Districts
(	DistrictType,				Name,								Description,								PrereqTech,				PlunderType,	PlunderAmount,	AdvisorType,		Cost,	CostProgressionModel,				CostProgressionParam1,	OnePerCity,	RequiresPlacement,	RequiresPopulation,	Aqueduct,	NoAdjacentCity,	InternalOnly,	CaptureRemovesBuildings,	CaptureRemovesCityDefenses,	MilitaryDomain,	Housing,	Maintenance,	CityStrengthModifier	)	VALUES
(	'DISTRICT_COREEXPANSIONA',	'LOC_DISTRICT_COREEXPANSIONA_NAME',	'LOC_DISTRICT_COREEXPANSIONA_DESCRIPTION',	'TECH_CONSTRUCTION',	'PLUNDER_GOLD',	'100',			'ADVISOR_GENERIC',	'81',	'COST_PROGRESSION_GAME_PROGRESS',	'1000',					'0',		'1',				'0',				'1',		'0',			'0',			'0',						'0',						'NO_DOMAIN',	'3',		'10',			'1'						);

INSERT INTO Adjacency_YieldChanges
(	ID,								Description,									YieldType,				YieldChange,	TilesRequired,	AdjacentDistrict						)	VALUES
(	'CoreExA_CampusOne',			'LOC_DISTRICT_COREEXPANSIONA_CAMPUS',			'YIELD_SCIENCE',		2,				1,				'DISTRICT_CAMPUS'						),
(	'CoreExA_SeowonOne',			'LOC_DISTRICT_COREEXPANSIONA_SEOWON',			'YIELD_SCIENCE',		2,				1,				'DISTRICT_SEOWON'						),
(	'CoreExA_HolySiteOne',			'LOC_DISTRICT_COREEXPANSIONA_HOLYSITE',			'YIELD_FAITH',			2,				1,				'DISTRICT_HOLY_SITE'					),
(	'CoreExA_CommHubOne',			'LOC_DISTRICT_COREEXPANSIONA_COMMHUB',			'YIELD_GOLD',			2,				1,				'DISTRICT_COMMERCIAL_HUB'				),
(	'CoreExA_SugubaOne',			'LOC_DISTRICT_COREEXPANSIONA_SUGUBA',			'YIELD_GOLD',			2,				1,				'DISTRICT_SUGUBA'						),
(	'CoreExA_TheaterOne',			'LOC_DISTRICT_COREEXPANSIONA_THEATER',			'YIELD_CULTURE',		2,				1,				'DISTRICT_THEATER'						),
(	'CoreExA_HarborOne',			'LOC_DISTRICT_COREEXPANSIONA_HARBOR',			'YIELD_GOLD',			1,				1,				'DISTRICT_HARBOR'						),
(	'CoreExA_HarborProdOne',		'LOC_DISTRICT_COREEXPANSIONA_HARBORPROD',		'YIELD_PRODUCTION',		1,				1,				'DISTRICT_HARBOR'						),
(	'CoreExA_IndustrialOne',		'LOC_DISTRICT_COREEXPANSIONA_INDUSTRIAL',		'YIELD_PRODUCTION',		2,				1,				'DISTRICT_INDUSTRIAL_ZONE'				),
(	'CoreExA_AqueductOne',			'LOC_DISTRICT_COREEXPANSIONA_AQUEDUCT',			'YIELD_FOOD',			2,				1,				'DISTRICT_AQUEDUCT'						),
(	'CoreExA_AcropolisOne',			'LOC_DISTRICT_COREEXPANSIONA_ACROPOLIS',		'YIELD_CULTURE',		2,				1,				'DISTRICT_ACROPOLIS'					),
(	'CoreExA_BathOne',				'LOC_DISTRICT_COREEXPANSIONA_BATH',				'YIELD_FOOD',			2,				1,				'DISTRICT_BATH'							),
(	'CoreExA_HansaOne',				'LOC_DISTRICT_COREEXPANSIONA_HANSA',			'YIELD_PRODUCTION',		2,				1,				'DISTRICT_HANSA'						),
(	'CoreExA_LavraOne',				'LOC_DISTRICT_COREEXPANSIONA_LAVRA',			'YIELD_FAITH',			2,				1,				'DISTRICT_LAVRA'						),
(	'CoreExA_RoyalNavyGoldOne',		'LOC_DISTRICT_COREEXPANSIONA_ROYALGOLD',		'YIELD_GOLD',			1,				1,				'DISTRICT_ROYAL_NAVY_DOCKYARD'			),
(	'CoreExA_RoyalNavyProdOne',		'LOC_DISTRICT_COREEXPANSIONA_ROYALPROD',		'YIELD_PRODUCTION',		1,				1,				'DISTRICT_ROYAL_NAVY_DOCKYARD'			),
(	'CoreExA_CothonGoldOne',		'LOC_DISTRICT_COREEXPANSIONA_COTHON',			'YIELD_GOLD',			1,				1,				'DISTRICT_COTHON'						),
(	'CoreExA_CothonProdOne',		'LOC_DISTRICT_COREEXPANSIONA_COTHONPROD',		'YIELD_PRODUCTION',		1,				1,				'DISTRICT_COTHON'						),
(	'CoreExA_Canal',				'LOC_DISTRICT_COREEXPANSIONA_CANAL',			'YIELD_GOLD',			2,				1,				'DISTRICT_CANAL'						),
(	'CoreExA_Entertainment',		'LOC_DISTRICT_COREEXPANSIONA_ENTERTAIMENT',		'YIELD_GOLD',			2,				1,				'DISTRICT_ENTERTAINMENT_COMPLEX'		),
(	'CoreExA_StreetCarnival',		'LOC_DISTRICT_COREEXPANSIONA_STREETCARNIVAL',	'YIELD_GOLD',			2,				1,				'DISTRICT_STREET_CARNIVAL'				),
(	'CoreExA_Waterpark',			'LOC_DISTRICT_COREEXPANSIONA_WATERPARK',		'YIELD_GOLD',			2,				1,				'DISTRICT_WATER_ENTERTAINMENT_COMPLEX'	),
(	'CoreExA_Copacabana',			'LOC_DISTRICT_COREEXPANSIONA_COPACABANA',		'YIELD_GOLD',			2,				1,				'DISTRICT_WATER_STREET_CARNIVAL'		),
(	'CoreExA_Dam',					'LOC_DISTRICT_COREEXPANSIONA_DAM',				'YIELD_GOLD',			2,				1,				'DISTRICT_DAM'							),
(	'CoreExA_CoreExA',				'LOC_DISTRICT_COREEXPANSIONA_COREXB',			'YIELD_GOLD',			2,				1,				'DISTRICT_COREEXPANSIONA'				),
(	'Campus_CoreExA',				'LOC_DISTRICT_CAMPUS_COREEXPANSIONA',			'YIELD_SCIENCE',		1,				1,				'DISTRICT_COREEXPANSIONA'				),
(	'Seowon_CoreExA',				'LOC_DISTRICT_SEOWON_COREEXPANSIONA',			'YIELD_SCIENCE',		1,				1,				'DISTRICT_COREEXPANSIONA'				),
(	'HolySite_CoreExA',				'LOC_DISTRICT_HOLYSITE_COREEXPANSIONA',			'YIELD_FAITH',			1,				1,				'DISTRICT_COREEXPANSIONA'				),
(	'Lavra_CoreExA',				'LOC_DISTRICT_LAVRA_COREEXPANSIONA',			'YIELD_FAITH',			1,				1,				'DISTRICT_COREEXPANSIONA'				),
(	'CommHub_CoreExA',				'LOC_DISTRICT_THEATER_COREEXPANSIONA',			'YIELD_GOLD',			1,				1,				'DISTRICT_COREEXPANSIONA'				),
(	'Suguba_CoreExA',				'LOC_DISTRICT_SUGUBA_COREEXPANSIONA',			'YIELD_GOLD',			1,				1,				'DISTRICT_COREEXPANSIONA'				),
(	'Theater_CoreExA',				'LOC_DISTRICT_THEATER_COREEXPANSIONA',			'YIELD_CULTURE',		1,				1,				'DISTRICT_COREEXPANSIONA'				),
(	'Acropolis_CoreExA',			'LOC_DISTRICT_ACROPOLIS_COREEXPANSIONA',		'YIELD_CULTURE',		1,				1,				'DISTRICT_COREEXPANSIONA'				),
(	'Harbor_CoreExA',				'LOC_DISTRICT_HARBOR_COREEXPANSIONA',			'YIELD_GOLD',			1,				1,				'DISTRICT_COREEXPANSIONA'				),
(	'RoyalNavy_CoreExA',			'LOC_DISTRICT_ROYALNAVY_COREEXPANSIONA',		'YIELD_GOLD',			1,				1,				'DISTRICT_COREEXPANSIONA'				),
(	'Cothon_CoreExA',				'LOC_DISTRICT_COTHON_COREEXPANSIONA',			'YIELD_FOOD',			1,				1,				'DISTRICT_COREEXPANSIONA'				),
(	'Industrial_CoreExA',			'LOC_DISTRICT_INDUSTRIAL_COREEXPANSIONA',		'YIELD_PRODUCTION',		1,				1,				'DISTRICT_COREEXPANSIONA'				),
(	'Hansa_CoreExA',				'LOC_DISTRICT_HANSA_COREEXPANSIONA',			'YIELD_PRODUCTION',		1,				1,				'DISTRICT_COREEXPANSIONA'				),
(	'Aqueduct_CoreExA',				'LOC_DISTRICT_AQUADUCT_COREEXPANSIONA',			'YIELD_FOOD',			1,				1,				'DISTRICT_COREEXPANSIONA'				),
(	'Bath_CoreExA',					'LOC_DISTRICT_BATH_COREEXPANSIONA',				'YIELD_FOOD',			1,				1,				'DISTRICT_COREEXPANSIONA'				);

INSERT INTO District_Adjacencies
(	DistrictType,					YieldChangeID					)	VALUES
(	'DISTRICT_COREEXPANSIONA',		'CoreExA_CampusOne'				),
(	'DISTRICT_COREEXPANSIONA',		'CoreExA_HolySiteOne'			),
(	'DISTRICT_COREEXPANSIONA',		'CoreExA_CommHubOne'			),
(	'DISTRICT_COREEXPANSIONA',		'CoreExA_TheaterOne'			),
(	'DISTRICT_COREEXPANSIONA',		'CoreExA_HarborOne'				),
(	'DISTRICT_COREEXPANSIONA',		'CoreExA_HarborProdOne'			),
(	'DISTRICT_COREEXPANSIONA',		'CoreExA_IndustrialOne'			),
(	'DISTRICT_COREEXPANSIONA',		'CoreExA_AqueductOne'			),
(	'DISTRICT_COREEXPANSIONA',		'CoreExA_AcropolisOne'			),
(	'DISTRICT_COREEXPANSIONA',		'CoreExA_BathOne'				),
(	'DISTRICT_COREEXPANSIONA',		'CoreExA_HansaOne'				),
(	'DISTRICT_COREEXPANSIONA',		'CoreExA_LavraOne'				),
(	'DISTRICT_COREEXPANSIONA',		'CoreExA_RoyalNavyGoldOne'		),
(	'DISTRICT_COREEXPANSIONA',		'CoreExA_SeowonOne'				),
(	'DISTRICT_COREEXPANSIONA',		'CoreExA_SugubaOne'				),
(	'DISTRICT_COREEXPANSIONA',		'CoreExA_CothonGoldOne'			),
(	'DISTRICT_COREEXPANSIONA',		'CoreExA_CothonProdOne'			),
(	'DISTRICT_COREEXPANSIONA',		'CoreExA_RoyalNavyProdOne'		),
(	'DISTRICT_COREEXPANSIONA',		'CoreExA_Canal'					),
(	'DISTRICT_COREEXPANSIONA',		'CoreExA_Entertainment'			),
(	'DISTRICT_COREEXPANSIONA',		'CoreExA_StreetCarnival'		),
(	'DISTRICT_COREEXPANSIONA',		'CoreExA_Waterpark'				),
(	'DISTRICT_COREEXPANSIONA',		'CoreExA_Copacabana'			),
(	'DISTRICT_COREEXPANSIONA',		'CoreExA_Dam'					),
(	'DISTRICT_COREEXPANSIONA',		'CoreExA_CoreExA'				),
(	'DISTRICT_CAMPUS',				'Campus_CoreExA'				),
(	'DISTRICT_SEOWON',				'Seowon_CoreExA'				),
(	'DISTRICT_HOLY_SITE',			'HolySite_CoreExA'				),
(	'DISTRICT_LAVRA',				'Lavra_CoreExA'					),
(	'DISTRICT_COMMERCIAL_HUB',		'CommHub_CoreExA'				),
(	'DISTRICT_SUGUBA',				'Suguba_CoreExA'				),
(	'DISTRICT_THEATER',				'Theater_CoreExA'				),
(	'DISTRICT_ACROPOLIS',			'Acropolis_CoreExA'				),
(	'DISTRICT_HARBOR',				'Harbor_CoreExA'				),
(	'DISTRICT_ROYAL_NAVY_DOCKYARD',	'RoyalNavy_CoreExA'				),
(	'DISTRICT_COTHON',				'Cothon_CoreExA'				),
(	'DISTRICT_INDUSTRIAL_ZONE',		'Industrial_CoreExA'			),
(	'DISTRICT_HANSA',				'Hansa_CoreExA'					),
(	'DISTRICT_AQUEDUCT',			'Aqueduct_CoreExA'				),
(	'DISTRICT_BATH',				'Bath_CoreExA'					);

INSERT INTO District_TradeRouteYields
(	DistrictType,				YieldType,			YieldChangeAsOrigin,	YieldChangeAsDomesticDestination,	YieldChangeAsInternationalDestination	)	VALUES
(	'DISTRICT_COREEXPANSIONA',	'YIELD_GOLD',		'2',					'0',								'2'										),
(	'DISTRICT_COREEXPANSIONA',	'YIELD_PRODUCTION',	'0',					'2',								'0'										);

INSERT INTO District_CitizenYieldChanges
(	DistrictType,      				 YieldType,       			YieldChange			)	VALUES
(	'DISTRICT_COREEXPANSIONA',		'YIELD_PRODUCTION',			'2'					),
(	'DISTRICT_COREEXPANSIONA',		'YIELD_SCIENCE',			'1'					),
(	'DISTRICT_COREEXPANSIONA',		'YIELD_CULTURE',			'1'					),
(	'DISTRICT_COREEXPANSIONA',		'YIELD_FAITH',				'1'					);

INSERT INTO Requirements
(	RequirementId,						RequirementType,								Inverse		)	VALUES
(	'COREXA_PLOT_HAS_MINE',				'REQUIREMENT_PLOT_IMPROVEMENT_TYPE_MATCHES',		0		),
(	'COREXA_PLOT_HAS_FARM',				'REQUIREMENT_PLOT_IMPROVEMENT_TYPE_MATCHES',		0		),
(	'COREXA_PLOT_HAS_QUARRY',			'REQUIREMENT_PLOT_IMPROVEMENT_TYPE_MATCHES',		0		),
(	'COREXA_PLOT_HAS_PLANTATION',		'REQUIREMENT_PLOT_IMPROVEMENT_TYPE_MATCHES',		0		),
(	'COREXA_PLOT_HAS_CAMP',				'REQUIREMENT_PLOT_IMPROVEMENT_TYPE_MATCHES',		0		),
(	'COREXA_PLOT_HAS_PASTURE',			'REQUIREMENT_PLOT_IMPROVEMENT_TYPE_MATCHES',		0		),
(	'COREXA_PLOT_HAS_FISHING',			'REQUIREMENT_PLOT_IMPROVEMENT_TYPE_MATCHES',		0		),
(	'COREXA_PLOT_HAS_FISHERY',			'REQUIREMENT_PLOT_IMPROVEMENT_TYPE_MATCHES',		0		),
(	'COREXA_PLOT_HAS_LUMBER_MILL',		'REQUIREMENT_PLOT_IMPROVEMENT_TYPE_MATCHES',		0		),
(	'COREXB_CITY_HAS_DIS_ENCAMP',		'REQUIREMENT_DISTRICT_TYPE_MATCHES',				0		),
(	'COREXB_CITY_HAS_DIS_IKAND',		'REQUIREMENT_DISTRICT_TYPE_MATCHES',				0		),
(	'COREXB_CITY_HAS_DIS_HARB',			'REQUIREMENT_DISTRICT_TYPE_MATCHES',				0		),
(	'COREXB_CITY_HAS_DIS_ROYAL',		'REQUIREMENT_DISTRICT_TYPE_MATCHES',				0		),
(	'COREXB_CITY_HAS_DIS_COTH',			'REQUIREMENT_DISTRICT_TYPE_MATCHES',				0		),
(	'COREXB_CITY_HAS_DIS_INDUS',		'REQUIREMENT_DISTRICT_TYPE_MATCHES',				0		),
(	'COREXB_CITY_HAS_DIS_HANS',			'REQUIREMENT_DISTRICT_TYPE_MATCHES',				0		),
(	'COREXB_CITY_HAS_DIS_COMMER',		'REQUIREMENT_DISTRICT_TYPE_MATCHES',				0		),
(	'COREXB_CITY_HAS_DIS_SUGUB',		'REQUIREMENT_DISTRICT_TYPE_MATCHES',				0		),
(	'COREXB_CITY_HAS_DIS_HOLY',			'REQUIREMENT_DISTRICT_TYPE_MATCHES',				0		),
(	'COREXB_CITY_HAS_DIS_LAVRA',		'REQUIREMENT_DISTRICT_TYPE_MATCHES',				0		),
(	'COREXB_CITY_HAS_DIS_CAMPUS',		'REQUIREMENT_DISTRICT_TYPE_MATCHES',				0		),
(	'COREXB_CITY_HAS_DIS_SEON',			'REQUIREMENT_DISTRICT_TYPE_MATCHES',				0		),
(	'COREXB_CITY_HAS_DIS_CULT_1',		'REQUIREMENT_DISTRICT_TYPE_MATCHES',				0		),
(	'COREXB_CITY_HAS_DIS_ACROP_1',		'REQUIREMENT_DISTRICT_TYPE_MATCHES',				0		),
(	'COREXA_CITY_HAS_DIS_COREA',		'REQUIREMENT_DISTRICT_TYPE_MATCHES',				0		),
(	'COREXA_PLOT_HAS_PARK',				'REQUIREMENT_PLOT_IMPROVEMENT_TYPE_MATCHES',		0		),
(	'COREXA_PLOT_HAS_GEO_PLANT',		'REQUIREMENT_PLOT_IMPROVEMENT_TYPE_MATCHES',		0		),
(	'COREXA_PLOT_HAS_WIND_FARM',		'REQUIREMENT_PLOT_IMPROVEMENT_TYPE_MATCHES',		0		),
(	'COREXA_PLOT_HAS_SOLAR_FARM',		'REQUIREMENT_PLOT_IMPROVEMENT_TYPE_MATCHES',		0		),
(	'COREXA_PLOT_HAS_OFFSHORE_WIND',	'REQUIREMENT_PLOT_IMPROVEMENT_TYPE_MATCHES',		0		),
(	'COREXA_CITY_HAS_NAT_PARK',			'REQUIREMENT_CITY_HAS_NATIONAL_PARK',				0		),
(	'COREXA_CITY_HAS_DIS_AIRP',			'REQUIREMENT_CITY_HAS_DISTRICT',					0		),
(	'COREXA_CITY_HAS_LIBRARY',			'REQUIREMENT_CITY_HAS_BUILDING',					0		),
(	'COREXA_CITY_HAS_UNI',				'REQUIREMENT_CITY_HAS_BUILDING',					0		);

INSERT INTO RequirementArguments 
(	RequirementId,						Name,				Value								)	VALUES
(	'COREXA_PLOT_HAS_MINE',				'ImprovementType',	'IMPROVEMENT_MINE'					),
(	'COREXA_PLOT_HAS_FARM',				'ImprovementType',	'IMPROVEMENT_FARM'					),
(	'COREXA_PLOT_HAS_QUARRY',			'ImprovementType',	'IMPROVEMENT_QUARRY'				),
(	'COREXA_PLOT_HAS_PLANTATION',		'ImprovementType',	'IMPROVEMENT_PLANTATION'			),
(	'COREXA_PLOT_HAS_CAMP',				'ImprovementType',	'IMPROVEMENT_CAMP'					),
(	'COREXA_PLOT_HAS_PASTURE',			'ImprovementType',	'IMPROVEMENT_PASTURE'				),
(	'COREXA_PLOT_HAS_FISHING',			'ImprovementType',	'IMPROVEMENT_FISHING_BOATS'			),
(	'COREXA_PLOT_HAS_FISHERY',			'ImprovementType',	'IMPROVEMENT_FISHERY'				),
(	'COREXA_PLOT_HAS_LUMBER_MILL',		'ImprovementType',	'IMPROVEMENT_LUMBER_MILL'			),
(	'COREXB_CITY_HAS_DIS_ENCAMP',		'DistrictType',		'DISTRICT_ENCAMPMENT'				),
(	'COREXB_CITY_HAS_DIS_IKAND',		'DistrictType',		'DISTRICT_IKANDA'					),
(	'COREXB_CITY_HAS_DIS_HARB',			'DistrictType',		'DISTRICT_HARBOR'					),
(	'COREXB_CITY_HAS_DIS_ROYAL',		'DistrictType',		'DISTRICT_ROYAL_NAVY_DOCKYARD'		),
(	'COREXB_CITY_HAS_DIS_COTH',			'DistrictType',		'DISTRICT_COTHON'					),
(	'COREXB_CITY_HAS_DIS_INDUS',		'DistrictType',		'DISTRICT_INDUSTRIAL_ZONE'			),
(	'COREXB_CITY_HAS_DIS_HANS',			'DistrictType',		'DISTRICT_HANSA'					),
(	'COREXB_CITY_HAS_DIS_COMMER',		'DistrictType',		'DISTRICT_COMMERCIAL_HUB'			),
(	'COREXB_CITY_HAS_DIS_SUGUB',		'DistrictType',		'DISTRICT_SUGUBA'					),
(	'COREXB_CITY_HAS_DIS_HOLY',			'DistrictType',		'DISTRICT_HOLY_SITE'				),
(	'COREXB_CITY_HAS_DIS_LAVRA',		'DistrictType',		'DISTRICT_LAVRA'					),
(	'COREXB_CITY_HAS_DIS_CAMPUS',		'DistrictType',		'DISTRICT_CAMPUS'					),
(	'COREXB_CITY_HAS_DIS_SEON',			'DistrictType',		'DISTRICT_SEOWON'					),
(	'COREXB_CITY_HAS_DIS_CULT_1',		'DistrictType',		'DISTRICT_THEATER'					),
(	'COREXB_CITY_HAS_DIS_ACROP_1',		'DistrictType',		'DISTRICT_ACROPOLIS'				),
(	'COREXA_CITY_HAS_DIS_COREA',		'DistrictType',		'DISTRICT_COREEXPANSIONA'			),
(	'COREXA_PLOT_HAS_PARK',				'ImprovementType',	'IMPROVEMENT_CITY_PARK'				),
(	'COREXA_PLOT_HAS_GEO_PLANT',		'ImprovementType',	'IMPROVEMENT_GEOTHERMAL_PLANT'		),
(	'COREXA_PLOT_HAS_WIND_FARM',		'ImprovementType',	'IMPROVEMENT_WIND_FARM'				),
(	'COREXA_PLOT_HAS_SOLAR_FARM',		'ImprovementType',	'IMPROVEMENT_SOLAR_FARM'			),
(	'COREXA_PLOT_HAS_OFFSHORE_WIND',	'ImprovementType',	'IMPROVEMENT_OFFSHORE_WIND_FARM'	),
(	'COREXA_CITY_HAS_DIS_AIRP',			'DistrictType',		'DISTRICT_AERODROME'				),
(	'COREXA_CITY_HAS_LIBRARY',			'BuildingType',		'BUILDING_LIBRARY'					),
(	'COREXA_CITY_HAS_UNI',				'BuildingType',		'BUILDING_UNIVERSITY'				);

INSERT INTO RequirementSets 
(	RequirementSetId,						RequirementSetType			)	VALUES
(	'COREXA_SET_PLOT_HAS_MINE',				'REQUIREMENTSET_TEST_ALL'	),
(	'COREXA_SET_PLOT_HAS_FARM',				'REQUIREMENTSET_TEST_ALL'	),
(	'COREXA_SET_PLOT_HAS_QUARRY',			'REQUIREMENTSET_TEST_ALL'	),
(	'COREXA_SET_PLOT_HAS_PLANTATION',		'REQUIREMENTSET_TEST_ALL'	),
(	'COREXA_SET_PLOT_HAS_CAMP',				'REQUIREMENTSET_TEST_ALL'	),
(	'COREXA_SET_PLOT_HAS_PASTURE',			'REQUIREMENTSET_TEST_ALL'	),
(	'COREXA_SET_PLOT_HAS_FISHING',			'REQUIREMENTSET_TEST_ALL'	),
(	'COREXA_SET_PLOT_HAS_FISHERY',			'REQUIREMENTSET_TEST_ALL'	),
(	'COREXA_SET_PLOT_HAS_LUMBER_MILL',		'REQUIREMENTSET_TEST_ALL'	),
(	'COREXA_SET_CITY_HAS_DIS_ENCAMP',		'REQUIREMENTSET_TEST_ANY'	),
(	'COREXA_SET_CITY_HAS_DIS_HARB',			'REQUIREMENTSET_TEST_ANY'	),
(	'COREXA_SET_CITY_HAS_DIS_INDUS',		'REQUIREMENTSET_TEST_ANY'	),
(	'COREXA_SET_CITY_HAS_DIS_COMMER',		'REQUIREMENTSET_TEST_ANY'	),
(	'COREXA_SET_CITY_HAS_DIS_HOLY',			'REQUIREMENTSET_TEST_ANY'	),
(	'COREXA_SET_CITY_HAS_DIS_CAMPUS',		'REQUIREMENTSET_TEST_ANY'	),
(	'COREXA_SET_CITY_HAS_DIS_CULT_1',		'REQUIREMENTSET_TEST_ANY'	),
(	'COREXA_SET_PLOT_HAS_PARK',				'REQUIREMENTSET_TEST_ALL'	),
(	'COREXA_SET_PLOT_HAS_GEO_PLANT',		'REQUIREMENTSET_TEST_ALL'	),
(	'COREXA_SET_PLOT_HAS_WIND_FARM',		'REQUIREMENTSET_TEST_ALL'	),
(	'COREXA_SET_PLOT_HAS_SOLAR_FARM',		'REQUIREMENTSET_TEST_ALL'	),
(	'COREXA_SET_PLOT_HAS_OFFSHORE_WIND',	'REQUIREMENTSET_TEST_ALL'	),
(	'COREXA_SET_CITY_HAS_NAT_PARK',			'REQUIREMENTSET_TEST_ALL'	),
(	'COREXA_SET_CITY_HAS_DIS_COREA',		'REQUIREMENTSET_TEST_ALL'	),
(	'COREXA_SET_CITY_HAS_DIS_AIRP',			'REQUIREMENTSET_TEST_ALL'	),
(	'COREXA_SET_AGRI_FARM_REQS',			'REQUIREMENTSET_TEST_ALL'	),
(	'COREXA_SET_CITY_HAS_LIBRARY',			'REQUIREMENTSET_TEST_ALL'	),
(	'COREXA_SET_CITY_HAS_UNI',				'REQUIREMENTSET_TEST_ALL'	);

INSERT INTO RequirementSetRequirements
(	RequirementSetId,						RequirementId								)	VALUES
(	'COREXA_SET_PLOT_HAS_MINE',				'COREXA_PLOT_HAS_MINE'						),
(	'COREXA_SET_PLOT_HAS_FARM',				'COREXA_PLOT_HAS_FARM'						),
(	'COREXA_SET_PLOT_HAS_QUARRY',			'COREXA_PLOT_HAS_QUARRY'					),
(	'COREXA_SET_PLOT_HAS_PLANTATION',		'COREXA_PLOT_HAS_PLANTATION'				),
(	'COREXA_SET_PLOT_HAS_CAMP',				'COREXA_PLOT_HAS_CAMP'						),
(	'COREXA_SET_PLOT_HAS_PASTURE',			'COREXA_PLOT_HAS_PASTURE'					),
(	'COREXA_SET_PLOT_HAS_FISHING',			'COREXA_PLOT_HAS_FISHING'					),
(	'COREXA_SET_PLOT_HAS_FISHERY',			'COREXA_PLOT_HAS_FISHERY'					),
(	'COREXA_SET_PLOT_HAS_LUMBER_MILL',		'COREXA_PLOT_HAS_LUMBER_MILL'				),
(	'COREXA_SET_CITY_HAS_DIS_ENCAMP',		'COREXB_CITY_HAS_DIS_ENCAMP'				),
(	'COREXA_SET_CITY_HAS_DIS_ENCAMP',		'COREXB_CITY_HAS_DIS_IKAND'					),
(	'COREXA_SET_CITY_HAS_DIS_HARB',			'COREXB_CITY_HAS_DIS_HARB'					),
(	'COREXA_SET_CITY_HAS_DIS_HARB',			'COREXB_CITY_HAS_DIS_ROYAL'					),
(	'COREXA_SET_CITY_HAS_DIS_HARB',			'COREXB_CITY_HAS_DIS_COTH'					),
(	'COREXA_SET_CITY_HAS_DIS_INDUS',		'COREXB_CITY_HAS_DIS_INDUS'					),
(	'COREXA_SET_CITY_HAS_DIS_INDUS',		'COREXB_CITY_HAS_DIS_HANS'					),
(	'COREXA_SET_CITY_HAS_DIS_COMMER',		'COREXB_CITY_HAS_DIS_COMMER'				),
(	'COREXA_SET_CITY_HAS_DIS_COMMER',		'COREXB_CITY_HAS_DIS_SUGUB'					),
(	'COREXA_SET_CITY_HAS_DIS_HOLY',			'COREXB_CITY_HAS_DIS_HOLY'					),
(	'COREXA_SET_CITY_HAS_DIS_HOLY',			'COREXB_CITY_HAS_DIS_LAVRA'					),
(	'COREXA_SET_CITY_HAS_DIS_CAMPUS',		'COREXB_CITY_HAS_DIS_CAMPUS'				),
(	'COREXA_SET_CITY_HAS_DIS_CAMPUS',		'COREXB_CITY_HAS_DIS_SEON'					),
(	'COREXA_SET_CITY_HAS_DIS_CULT_1',		'COREXB_CITY_HAS_DIS_CULT_1'				),
(	'COREXA_SET_CITY_HAS_DIS_CULT_1',		'COREXB_CITY_HAS_DIS_ACROP_1'				),
(	'COREXA_SET_CITY_HAS_DIS_COREA',		'COREXA_CITY_HAS_DIS_COREA'					),
(	'COREXA_SET_PLOT_HAS_PARK',				'COREXA_PLOT_HAS_PARK'						),
(	'COREXA_SET_PLOT_HAS_GEO_PLANT',		'COREXA_PLOT_HAS_GEO_PLANT'					),
(	'COREXA_SET_PLOT_HAS_WIND_FARM',		'COREXA_PLOT_HAS_WIND_FARM'					),
(	'COREXA_SET_PLOT_HAS_SOLAR_FARM',		'COREXA_PLOT_HAS_SOLAR_FARM'				),
(	'COREXA_SET_PLOT_HAS_OFFSHORE_WIND',	'COREXA_PLOT_HAS_OFFSHORE_WIND'				),
(	'COREXA_SET_CITY_HAS_NAT_PARK',			'COREXA_CITY_HAS_NAT_PARK'					),
(	'COREXA_SET_CITY_HAS_DIS_AIRP',			'COREXA_CITY_HAS_DIS_AIRP'					),	
(	'COREXA_SET_AGRI_FARM_REQS',			'COREXA_PLOT_HAS_FARM'						),
(	'COREXA_SET_AGRI_FARM_REQS',			'REQUIRES_CITY_HAS_0_SPECIALTY_DISTRICTS'	),
(	'COREXA_SET_CITY_HAS_LIBRARY',			'COREXA_CITY_HAS_LIBRARY'					),
(	'COREXA_SET_CITY_HAS_UNI',				'COREXA_CITY_HAS_UNI'						);

INSERT INTO Modifiers 
(	ModifierId,										ModifierType,									 				RunOnce,	Permanent,	OwnerRequirementSetId,	SubjectRequirementSetId					)	VALUES
(	'CORXA_PLOT_MINE_YIELD',						'MODIFIER_CITY_PLOT_YIELDS_ADJUST_PLOT_YIELD',					 0,			0,			NULL,					'COREXA_SET_PLOT_HAS_MINE'				),
(	'CORXA_PLOT_FARM_YIELD',						'MODIFIER_CITY_PLOT_YIELDS_ADJUST_PLOT_YIELD',					 0,			0,			NULL,					'COREXA_SET_PLOT_HAS_FARM'				),
(	'CORXA_PLOT_FARM_QUARRY',						'MODIFIER_CITY_PLOT_YIELDS_ADJUST_PLOT_YIELD',					 0,			0,			NULL,					'COREXA_SET_PLOT_HAS_QUARRY'			),
(	'CORXA_PLOT_FARM_PLANTATION',					'MODIFIER_CITY_PLOT_YIELDS_ADJUST_PLOT_YIELD',					 0,			0,			NULL,					'COREXA_SET_PLOT_HAS_PLANTATION'		),
(	'CORXA_PLOT_FARM_CAMP',							'MODIFIER_CITY_PLOT_YIELDS_ADJUST_PLOT_YIELD',					 0,			0,			NULL,					'COREXA_SET_PLOT_HAS_CAMP'				),	
(	'CORXA_PLOT_FARM_PASTURE',						'MODIFIER_CITY_PLOT_YIELDS_ADJUST_PLOT_YIELD',					 0,			0,			NULL,					'COREXA_SET_PLOT_HAS_PASTURE'			),
(	'CORXA_PLOT_FARM_FISHING',						'MODIFIER_CITY_PLOT_YIELDS_ADJUST_PLOT_YIELD',					 0,			0,			NULL,					'COREXA_SET_PLOT_HAS_FISHING'			),
(	'CORXA_PLOT_FARM_FISHERY',						'MODIFIER_CITY_PLOT_YIELDS_ADJUST_PLOT_YIELD',					 0,			0,			NULL,					'COREXA_SET_PLOT_HAS_FISHERY'			),
(	'CORXA_PLOT_LUMBER_MILL',						'MODIFIER_CITY_PLOT_YIELDS_ADJUST_PLOT_YIELD',					 0,			0,			NULL,					'COREXA_SET_PLOT_HAS_LUMBER_MILL'		),
(	'CORXA_PROD_PER_POPULATION',					'MODIFIER_SINGLE_CITY_ADJUST_CITY_YIELD_PER_POPULATION',		 0,			0,			NULL,					NULL									),
(	'CORXA_CITY_INNER_DEFENSE',						'MODIFIER_PLAYER_CITIES_ADJUST_INNER_DEFENSE',					 0,			0,			NULL,					NULL									),
(	'CORXA_CITY_PROD_MILITARY',						'MODIFIER_PLAYER_CITIES_ADJUST_MILITARY_UNITS_PRODUCTION',		 0,			0,			NULL,					NULL									),
(	'BUILDING_COREXA_TIER1_SCI_YIELD',				'MODIFIER_SINGLE_CITY_ADJUST_CITY_YIELD_MODIFIER',				 0,			0,			NULL,					NULL									),
(	'BUILDING_COREXA_TIER1_CUL_YIELD',				'MODIFIER_SINGLE_CITY_ADJUST_CITY_YIELD_MODIFIER',				 0,			0,			NULL,					NULL									),
(	'BUILDING_COREXA_TIER1_FAI_YIELD',				'MODIFIER_SINGLE_CITY_ADJUST_CITY_YIELD_MODIFIER',				 0,			0,			NULL,					NULL									),
(	'BUILDING_COREXA_TIER2_EXTRA_DIST',				'MODIFIER_SINGLE_CITY_EXTRA_DISTRICT',							 0,			0,			NULL,					NULL									),
(	'BUILDING_COREXA_TIER2_PROD_DIST',				'MODIFIER_SINGLE_CITY_ADJUST_DISTRICT_PRODUCTION_MODIFIER',		 0,			0,			NULL,					NULL									),
(	'BUILDING_COREXA_TIER2_EXTRA_TRD_CRA_1',		'MODIFIER_PLAYER_ADJUST_TRADE_ROUTE_CAPACITY',			   		 0,			0,			NULL,					'COREXA_SET_CITY_HAS_DIS_COREA'			),
(	'BUILDING_COREXA_TIER3_TOUR_PARK_GOLD',			'MODIFIER_SINGLE_CITY_ADJUST_CITY_YIELD_MODIFIER',		   		 0,			0,			NULL,					'COREXA_SET_CITY_HAS_NAT_PARK'			),
(	'BUILDING_COREXA_TIER3_TOUR_AIRP_GOLD',			'MODIFIER_SINGLE_CITY_ADJUST_CITY_YIELD_MODIFIER',		   		 0,			0,			NULL,					'COREXA_SET_CITY_HAS_DIS_AIRP'			),
(	'BUILDING_COREXA_TIER3_TOUR_ALL',				'MODIFIER_PLAYER_ADJUST_TOURISM',								 0,			0,			NULL,					NULL									),
(	'BUILDING_COREXA_TIER3_TOUR_CITY_PARK_CULT',	'MODIFIER_PLAYER_ADJUST_PLOT_YIELD',	 						 0,			0,			NULL,					'COREXA_SET_PLOT_HAS_PARK'				),
(	'BUILDING_COREXA_TIER3_TOUR_CITY_PARK_GOLD',	'MODIFIER_PLAYER_ADJUST_PLOT_YIELD',							 0,			0,			NULL,					'COREXA_SET_PLOT_HAS_PARK'				),
(	'BUILDING_COREXA_TIER3_GP_POINTS_GEN',			'MODIFIER_SINGLE_CITY_DISTRICTS_ADJUST_GREAT_PERSON_POINTS',	 0,			0,			NULL,					'COREXA_SET_CITY_HAS_DIS_ENCAMP'		),
(	'BUILDING_COREXA_TIER3_GP_POINTS_ADM',			'MODIFIER_SINGLE_CITY_DISTRICTS_ADJUST_GREAT_PERSON_POINTS',	 0,			0,			NULL,					'COREXA_SET_CITY_HAS_DIS_HARB'			),
(	'BUILDING_COREXA_TIER3_GP_POINTS_EGN',			'MODIFIER_SINGLE_CITY_DISTRICTS_ADJUST_GREAT_PERSON_POINTS',	 0,			0,			NULL,					'COREXA_SET_CITY_HAS_DIS_INDUS'			),
(	'BUILDING_COREXA_TIER3_GP_POINTS_MER',			'MODIFIER_SINGLE_CITY_DISTRICTS_ADJUST_GREAT_PERSON_POINTS',	 0,			0,			NULL,					'COREXA_SET_CITY_HAS_DIS_COMMER'		),
(	'BUILDING_COREXA_TIER3_GP_POINTS_PRO',			'MODIFIER_SINGLE_CITY_DISTRICTS_ADJUST_GREAT_PERSON_POINTS',	 0,			0,			NULL,					'COREXA_SET_CITY_HAS_DIS_HOLY'			),
(	'BUILDING_COREXA_TIER3_GP_POINTS_SCI',			'MODIFIER_SINGLE_CITY_DISTRICTS_ADJUST_GREAT_PERSON_POINTS',	 0,			0,			NULL,					'COREXA_SET_CITY_HAS_DIS_CAMPUS'		),
(	'BUILDING_COREXA_TIER3_GP_POINTS_WRI',			'MODIFIER_SINGLE_CITY_DISTRICTS_ADJUST_GREAT_PERSON_POINTS',	 0,			0,			NULL,					'COREXA_SET_CITY_HAS_DIS_CULT_1'		),
(	'BUILDING_COREXA_TIER3_GP_POINTS_ART',			'MODIFIER_SINGLE_CITY_DISTRICTS_ADJUST_GREAT_PERSON_POINTS',	 0,			0,			NULL,					'COREXA_SET_CITY_HAS_DIS_CULT_1'		),
(	'BUILDING_COREXA_TIER3_GP_POINTS_MUS',			'MODIFIER_SINGLE_CITY_DISTRICTS_ADJUST_GREAT_PERSON_POINTS',	 0,			0,			NULL,					'COREXA_SET_CITY_HAS_DIS_CULT_1'		),
(	'BUILDING_COREXA_TIER3_EDU_LIB_PUR',			'MODIFIER_PLAYER_CITIES_ADJUST_BUILDING_PURCHASE_COST',			 0,			0,			NULL,					NULL									),
(	'BUILDING_COREXA_TIER3_EDU_UNI_PUR',			'MODIFIER_PLAYER_CITIES_ADJUST_BUILDING_PURCHASE_COST',			 0,			0,			NULL,					NULL									),
(	'BUILDING_COREXA_TIER3_EDU_CHAR_HOODS',			'MODIFIER_PLAYER_DISTRICTS_ADJUST_YIELD_BASED_ON_APPEAL',		 0,			0,			NULL,					NULL									),
(	'BUILDING_COREXA_TIER3_EDU_BRTH_HOODS',			'MODIFIER_PLAYER_DISTRICTS_ADJUST_YIELD_BASED_ON_APPEAL',		 0,			0,			NULL,					NULL									),
(	'BUILDING_COREXA_TIER3_EDU_LIBRAR_AMEN',		'MODIFIER_PLAYER_CITIES_ADJUST_POLICY_AMENITY',					 0,			0,			NULL,					'COREXA_SET_CITY_HAS_LIBRARY'			),
(	'BUILDING_COREXA_TIER3_EDU_UNI_AMEN',			'MODIFIER_PLAYER_CITIES_ADJUST_POLICY_AMENITY',					 0,			0,			NULL,					'COREXA_SET_CITY_HAS_UNI'				),
(	'BUILDING_COREXA_TIER3_CITY_GEO_PLANT',			'MODIFIER_CITY_PLOT_YIELDS_ADJUST_PLOT_YIELD',	 				 0,			0,			NULL,					'COREXA_SET_PLOT_HAS_GEO_PLANT'			),
(	'BUILDING_COREXA_TIER3_WIND_FARM',				'MODIFIER_CITY_PLOT_YIELDS_ADJUST_PLOT_YIELD',	 				 0,			0,			NULL,					'COREXA_SET_PLOT_HAS_WIND_FARM'			),
(	'BUILDING_COREXA_TIER3_SOLAR_FARM',				'MODIFIER_CITY_PLOT_YIELDS_ADJUST_PLOT_YIELD',	 				 0,			0,			NULL,					'COREXA_SET_PLOT_HAS_SOLAR_FARM'		),
(	'BUILDING_COREXA_TIER3_OFFWND',					'MODIFIER_CITY_PLOT_YIELDS_ADJUST_PLOT_YIELD',	 				 0,			0,			NULL,					'COREXA_SET_PLOT_HAS_OFFSHORE_WIND'		),
(	'BUILDING_COREXA_TIER3_MISC_PWR',				'MODIFIER_PLAYER_CITIES_ADJUST_FREE_POWER',	 					 0,			0,			NULL,					NULL									),
(	'BUILDING_COREXA_TIER3_AGRI_FARMS_FOOD',		'MODIFIER_PLAYER_ADJUST_PLOT_YIELD',	 						 0,			0,			NULL,					'COREXA_SET_AGRI_FARM_REQS'				),
(	'BUILDING_COREXA_TIER3_AGRI_FARMS_PROD',		'MODIFIER_PLAYER_ADJUST_PLOT_YIELD',	 						 0,			0,			NULL,					'COREXA_SET_AGRI_FARM_REQS'				),
(	'BUILDING_COREXA_TIER3_AGRI_GRAIN_PROD',		'MODIFIER_PLAYER_CITIES_ADJUST_BUILDING_PRODUCTION',	 		 0,			0,			NULL,					NULL									),
(	'BUILDING_COREXA_TIER3_AGRI_FREE_POP',			'MODIFIER_PLAYER_BUILT_CITIES_GRANT_FREE_POPULATION',	 		 0,			1,			NULL,					NULL									),
(	'BUILDING_COREXA_TIER3_ECON_CHAR_HOODS',		'MODIFIER_PLAYER_DISTRICTS_ADJUST_YIELD_BASED_ON_APPEAL',		 0,			0,			NULL,					NULL									),
(	'BUILDING_COREXA_TIER3_ECON_BRTH_HOODS',		'MODIFIER_PLAYER_DISTRICTS_ADJUST_YIELD_BASED_ON_APPEAL',		 0,			0,			NULL,					NULL									);

INSERT INTO ModifierArguments
(	ModifierId,										Name,							Value							)	VALUES
(	'CORXA_PLOT_MINE_YIELD',						'YieldType',					'YIELD_PRODUCTION'				),
(	'CORXA_PLOT_MINE_YIELD',						'Amount',						'-1'							),
(	'CORXA_PLOT_FARM_YIELD',						'YieldType',					'YIELD_FOOD'					),
(	'CORXA_PLOT_FARM_YIELD',						'Amount',						'-1'							),
(	'CORXA_PLOT_FARM_QUARRY',						'YieldType',					'YIELD_PRODUCTION'				),
(	'CORXA_PLOT_FARM_QUARRY',						'Amount',						'-1'							),
(	'CORXA_PLOT_FARM_PLANTATION',					'YieldType',					'YIELD_GOLD'					),
(	'CORXA_PLOT_FARM_PLANTATION',					'Amount',						'-1'							),
(	'CORXA_PLOT_FARM_CAMP',							'YieldType',					'YIELD_GOLD'					),
(	'CORXA_PLOT_FARM_CAMP',							'Amount',						'-1'							),
(	'CORXA_PLOT_FARM_PASTURE',						'YieldType',					'YIELD_PRODUCTION'				),
(	'CORXA_PLOT_FARM_PASTURE',						'Amount',						'-1'							),
(	'CORXA_PLOT_FARM_FISHING',						'YieldType',					'YIELD_FOOD'					),
(	'CORXA_PLOT_FARM_FISHING',						'Amount',						'-1'							),
(	'CORXA_PLOT_FARM_FISHERY',						'YieldType',					'YIELD_FOOD'					),
(	'CORXA_PLOT_FARM_FISHERY',						'Amount',						'-1'							),
(	'CORXA_PLOT_LUMBER_MILL',						'YieldType',					'YIELD_PRODUCTION'				),
(	'CORXA_PLOT_LUMBER_MILL',						'Amount',						'-1'							),
(	'CORXA_PROD_PER_POPULATION',					'YieldType',					'YIELD_PRODUCTION'				),
(	'CORXA_PROD_PER_POPULATION',					'Amount',						'1'								),
(	'CORXA_CITY_INNER_DEFENSE',						'Amount',						'-15'							),
(	'CORXA_CITY_PROD_MILITARY',						'Amount',						'-10'							),
(	'BUILDING_COREXA_TIER1_SCI_YIELD',				'YieldType',					'YIELD_SCIENCE'					),
(	'BUILDING_COREXA_TIER1_SCI_YIELD',				'Amount',						'15'							),
(	'BUILDING_COREXA_TIER1_CUL_YIELD',				'YieldType',					'YIELD_CULTURE'					),
(	'BUILDING_COREXA_TIER1_CUL_YIELD',				'Amount',						'15'							),
(	'BUILDING_COREXA_TIER1_FAI_YIELD',				'YieldType',					'YIELD_FAITH'					),
(	'BUILDING_COREXA_TIER1_FAI_YIELD',				'Amount',						'15'							),
(	'BUILDING_COREXA_TIER2_EXTRA_DIST',				'Amount',						'1'								),
(	'BUILDING_COREXA_TIER2_PROD_DIST',				'Amount',						'25'							),
(	'BUILDING_COREXA_TIER2_EXTRA_TRD_CRA_1',		'Amount',						'1'								),
(	'BUILDING_COREXA_TIER3_TOUR_PARK_GOLD',			'YieldType',					'YIELD_GOLD'					),
(	'BUILDING_COREXA_TIER3_TOUR_PARK_GOLD',			'Amount',						'15'							),
(	'BUILDING_COREXA_TIER3_TOUR_ALL',				'Amount',						'10'							),
(	'BUILDING_COREXA_TIER3_TOUR_CITY_PARK_CULT',	'YieldType',					'YIELD_CULTURE'					),
(	'BUILDING_COREXA_TIER3_TOUR_CITY_PARK_CULT',	'Amount',						'1'								),
(	'BUILDING_COREXA_TIER3_TOUR_CITY_PARK_GOLD',	'YieldType',					'YIELD_GOLD'					),
(	'BUILDING_COREXA_TIER3_TOUR_CITY_PARK_GOLD',	'Amount',						'2'								),
(	'BUILDING_COREXA_TIER3_GP_POINTS_GEN',			'Amount',						'1'								),
(	'BUILDING_COREXA_TIER3_GP_POINTS_GEN',			'GreatPersonClassType',			'GREAT_PERSON_CLASS_GENERAL'	),
(	'BUILDING_COREXA_TIER3_GP_POINTS_ADM',			'Amount',						'1'								),
(	'BUILDING_COREXA_TIER3_GP_POINTS_ADM',			'GreatPersonClassType',			'GREAT_PERSON_CLASS_ADMIRAL'	),
(	'BUILDING_COREXA_TIER3_GP_POINTS_EGN',			'Amount',						'1'								),
(	'BUILDING_COREXA_TIER3_GP_POINTS_EGN',			'GreatPersonClassType',			'GREAT_PERSON_CLASS_ENGINEER'	),
(	'BUILDING_COREXA_TIER3_GP_POINTS_MER',			'Amount',						'1'								),
(	'BUILDING_COREXA_TIER3_GP_POINTS_MER',			'GreatPersonClassType',			'GREAT_PERSON_CLASS_MERCHANT'	),
(	'BUILDING_COREXA_TIER3_GP_POINTS_PRO',			'Amount',						'1'								),
(	'BUILDING_COREXA_TIER3_GP_POINTS_PRO',			'GreatPersonClassType',			'GREAT_PERSON_CLASS_PROPHET'	),
(	'BUILDING_COREXA_TIER3_GP_POINTS_SCI',			'Amount',						'1'								),
(	'BUILDING_COREXA_TIER3_GP_POINTS_SCI',			'GreatPersonClassType',			'GREAT_PERSON_CLASS_SCIENTIST'	),
(	'BUILDING_COREXA_TIER3_GP_POINTS_WRI',			'Amount',						'1'								),
(	'BUILDING_COREXA_TIER3_GP_POINTS_WRI',			'GreatPersonClassType',			'GREAT_PERSON_CLASS_WRITER'		),
(	'BUILDING_COREXA_TIER3_GP_POINTS_ART',			'Amount',						'1'								),
(	'BUILDING_COREXA_TIER3_GP_POINTS_ART',			'GreatPersonClassType',			'GREAT_PERSON_CLASS_ARTIST'		),
(	'BUILDING_COREXA_TIER3_GP_POINTS_MUS',			'Amount',						'1'								),
(	'BUILDING_COREXA_TIER3_GP_POINTS_MUS',			'GreatPersonClassType',			'GREAT_PERSON_CLASS_MUSICIAN'	),
(	'BUILDING_COREXA_TIER3_EDU_LIB_PUR',			'Amount',						'50'							),
(	'BUILDING_COREXA_TIER3_EDU_LIB_PUR',			'BuildingType',					'BUILDING_LIBRARY'				),
(	'BUILDING_COREXA_TIER3_EDU_UNI_PUR',			'Amount',						'50'							),
(	'BUILDING_COREXA_TIER3_EDU_UNI_PUR',			'BuildingType',					'BUILDING_UNIVERSITY'			),
(	'BUILDING_COREXA_TIER3_EDU_CHAR_HOODS',			'Description',					'LOC_DISTRICT_APPEAL_SCIENCE'	),
(	'BUILDING_COREXA_TIER3_EDU_CHAR_HOODS',			'DistrictType',					'DISTRICT_NEIGHBORHOOD'			),
(	'BUILDING_COREXA_TIER3_EDU_CHAR_HOODS',			'RequiredAppeal',				'2'								),
(	'BUILDING_COREXA_TIER3_EDU_CHAR_HOODS',			'YieldChange',					'1'								),
(	'BUILDING_COREXA_TIER3_EDU_CHAR_HOODS',			'YieldType',					'YIELD_SCIENCE'					),
(	'BUILDING_COREXA_TIER3_EDU_BRTH_HOODS',			'Description',					'LOC_DISTRICT_APPEAL_SCIENCE'	),
(	'BUILDING_COREXA_TIER3_EDU_BRTH_HOODS',			'DistrictType',					'DISTRICT_NEIGHBORHOOD'			),
(	'BUILDING_COREXA_TIER3_EDU_BRTH_HOODS',			'RequiredAppeal',				'4'								),
(	'BUILDING_COREXA_TIER3_EDU_BRTH_HOODS',			'YieldChange',					'2'								),
(	'BUILDING_COREXA_TIER3_EDU_BRTH_HOODS',			'YieldType',					'YIELD_SCIENCE'					),
(	'BUILDING_COREXA_TIER3_EDU_LIBRAR_AMEN',		'Amount',						'1'								),
(	'BUILDING_COREXA_TIER3_EDU_UNI_AMEN',			'Amount',						'1'								),
(	'BUILDING_COREXA_TIER3_CITY_GEO_PLANT',			'YieldType',					'YIELD_GOLD'					),
(	'BUILDING_COREXA_TIER3_CITY_GEO_PLANT',			'Amount',						'2'								),
(	'BUILDING_COREXA_TIER3_WIND_FARM',				'YieldType',					'YIELD_GOLD'					),
(	'BUILDING_COREXA_TIER3_WIND_FARM',				'Amount',						'2'								),
(	'BUILDING_COREXA_TIER3_SOLAR_FARM',				'YieldType',					'YIELD_GOLD'					),
(	'BUILDING_COREXA_TIER3_SOLAR_FARM',				'Amount',						'2'								),
(	'BUILDING_COREXA_TIER3_OFFWND',					'YieldType',					'YIELD_GOLD'					),
(	'BUILDING_COREXA_TIER3_OFFWND',					'Amount',						'2'								),
(	'BUILDING_COREXA_TIER3_MISC_PWR',				'Amount',						'2'								),
(	'BUILDING_COREXA_TIER3_MISC_PWR',				'SourceType',					'FREE_POWER_SOURCE_MISC'		),
(	'BUILDING_COREXA_TIER3_TOUR_AIRP_GOLD',			'YieldType',					'YIELD_GOLD'					),
(	'BUILDING_COREXA_TIER3_TOUR_AIRP_GOLD',			'Amount',						'15'							),
(	'BUILDING_COREXA_TIER3_AGRI_FARMS_FOOD',		'YieldType',					'YIELD_FOOD'					),
(	'BUILDING_COREXA_TIER3_AGRI_FARMS_FOOD',		'Amount',						'2'								),
(	'BUILDING_COREXA_TIER3_AGRI_FARMS_PROD',		'YieldType',					'YIELD_PRODUCTION'				),
(	'BUILDING_COREXA_TIER3_AGRI_FARMS_PROD',		'Amount',						'1'								),
(	'BUILDING_COREXA_TIER3_AGRI_GRAIN_PROD',		'Amount',						'200'							),
(	'BUILDING_COREXA_TIER3_AGRI_GRAIN_PROD',		'BuildingType',					'BUILDING_GRANARY'				),                                                   
(	'BUILDING_COREXA_TIER3_AGRI_FREE_POP',			'Amount',						'1'								),                                                   
(	'BUILDING_COREXA_TIER3_ECON_CHAR_HOODS',		'Description',					'LOC_DISTRICT_APPEAL_SCIENCE'	),
(	'BUILDING_COREXA_TIER3_ECON_CHAR_HOODS',		'DistrictType',					'DISTRICT_NEIGHBORHOOD'			),
(	'BUILDING_COREXA_TIER3_ECON_CHAR_HOODS',		'RequiredAppeal',				'2'								),
(	'BUILDING_COREXA_TIER3_ECON_CHAR_HOODS',		'YieldChange',					'1'								),
(	'BUILDING_COREXA_TIER3_ECON_CHAR_HOODS',		'YieldType',					'YIELD_GOLD'					),
(	'BUILDING_COREXA_TIER3_ECON_BRTH_HOODS',		'Description',					'LOC_DISTRICT_APPEAL_SCIENCE'	),
(	'BUILDING_COREXA_TIER3_ECON_BRTH_HOODS',		'DistrictType',					'DISTRICT_NEIGHBORHOOD'			),
(	'BUILDING_COREXA_TIER3_ECON_BRTH_HOODS',		'RequiredAppeal',				'4'								),
(	'BUILDING_COREXA_TIER3_ECON_BRTH_HOODS',		'YieldChange',					'2'								),
(	'BUILDING_COREXA_TIER3_ECON_BRTH_HOODS',		'YieldType',					'YIELD_GOLD'					);

INSERT INTO DistrictModifiers
(	DistrictType,				ModifierId						)	VALUES
(	'DISTRICT_COREEXPANSIONA',	'CORXA_PLOT_MINE_YIELD'			),
(	'DISTRICT_COREEXPANSIONA',	'CORXA_PLOT_FARM_YIELD'			),
(	'DISTRICT_COREEXPANSIONA',	'CORXA_PLOT_FARM_QUARRY'		),
(	'DISTRICT_COREEXPANSIONA',	'CORXA_PLOT_FARM_PLANTATION'	),
(	'DISTRICT_COREEXPANSIONA',	'CORXA_PLOT_FARM_CAMP'			),
(	'DISTRICT_COREEXPANSIONA',	'CORXA_PLOT_FARM_PASTURE'		),
(	'DISTRICT_COREEXPANSIONA',	'CORXA_PLOT_FARM_FISHING'		),
(	'DISTRICT_COREEXPANSIONA',	'CORXA_PLOT_FARM_FISHERY'		),
(	'DISTRICT_COREEXPANSIONA',	'CORXA_PLOT_LUMBER_MILL'		),
(	'DISTRICT_COREEXPANSIONA',	'CORXA_PROD_PER_POPULATION'		),
(	'DISTRICT_COREEXPANSIONA',	'CORXA_CITY_INNER_DEFENSE'		),
(	'DISTRICT_COREEXPANSIONA',	'CORXA_CITY_PROD_MILITARY'		);

INSERT INTO Buildings
(	BuildingType,       				Name,       										PrereqTech,					PrereqCivic,   					 Cost,      	 MaxPlayerInstances,    PrereqDistrict,       			Description,										Maintenance,    CitizenSlots,       AdvisorType      			)	VALUES
(	'BUILDING_COREXA_TIER1_SCI',		'LOC_BUILDING_COREXA_TIER1_SCI_NAME',				NULL,						'CIVIC_GUILDS',					'150',			'-1',					'DISTRICT_COREEXPANSIONA', 		'LOC_BUILDING_COREXA_TIER1_SCI_DESCRIPTION',		'2',			'1',				'ADVISOR_TECHNOLOGY'		),
(	'BUILDING_COREXA_TIER1_CUL',		'LOC_BUILDING_COREXA_TIER1_CUL_NAME',				NULL,						'CIVIC_GUILDS',					'150',			'-1',					'DISTRICT_COREEXPANSIONA', 		'LOC_BUILDING_COREXA_TIER1_CUL_DESCRIPTION',		'2',			'1',				'ADVISOR_CULTURE'			),
(	'BUILDING_COREXA_TIER1_FAI',		'LOC_BUILDING_COREXA_TIER1_FAI_NAME',				NULL,						'CIVIC_GUILDS',					'150',			'-1',					'DISTRICT_COREEXPANSIONA', 		'LOC_BUILDING_COREXA_TIER1_FAI_DESCRIPTION',		'2',			'1',				'ADVISOR_RELIGIOUS'			),
(	'BUILDING_COREXA_TIER2_PLUSDIS',	'LOC_BUILDING_COREXA_TIER2_PLUSDIS_NAME',			NULL,						'CIVIC_CIVIL_ENGINEERING',		'290',			'-1',					'DISTRICT_COREEXPANSIONA', 		'LOC_BUILDING_COREXA_TIER2_PLUSDIS_DESCRIPTION',	'4',			'1',				'ADVISOR_GENERIC'			),
(	'BUILDING_COREXA_TIER2_PRODDIS',	'LOC_BUILDING_COREXA_TIER2_PRODDIS_NAME',			NULL,						'CIVIC_CIVIL_ENGINEERING',		'290',			'-1',					'DISTRICT_COREEXPANSIONA', 		'LOC_BUILDING_COREXA_TIER2_PRODDIS_DESCRIPTION',	'4',			'1',				'ADVISOR_GENERIC'			),
(	'BUILDING_COREXA_TIER2_DUBADJ',		'LOC_BUILDING_COREXA_TIER2_DUBADJ_NAME',			NULL,						'CIVIC_CIVIL_ENGINEERING',		'290',			'-1',					'DISTRICT_COREEXPANSIONA', 		'LOC_BUILDING_COREXA_TIER2_DUBADJ_DESCRIPTION',		'4',			'1',				'ADVISOR_GENERIC'			),
(	'BUILDING_COREXA_TIER3_DP_TOUR',	'LOC_BUILDING_COREXA_TIER3_DP_TOUR_NAME',			'TECH_RADIO',				NULL,							'580',			'1',					'DISTRICT_COREEXPANSIONA', 		'LOC_BUILDING_COREXA_TIER3_DP_TOUR_DESCRIPTION',	'8',			'1',				'ADVISOR_CULTURE'			),
(	'BUILDING_COREXA_TIER3_DP_EDU',		'LOC_BUILDING_COREXA_TIER3_DP_EDU_NAME',			NULL,						'CIVIC_IDEOLOGY',				'580',			'1',					'DISTRICT_COREEXPANSIONA', 		'LOC_BUILDING_COREXA_TIER3_DP_EDU_DESCRIPTION',		'8',			'1',				'ADVISOR_GENERIC'			),
(	'BUILDING_COREXA_TIER3_DP_ENRGY',	'LOC_BUILDING_COREXA_TIER3_DP_ENRGY_NAME',			'TECH_ELECTRICITY',			NULL,							'580',			'1',					'DISTRICT_COREEXPANSIONA', 		'LOC_BUILDING_COREXA_TIER3_DP_ENRGY_DESCRIPTION',	'8',			'1',				'ADVISOR_TECHNOLOGY'		),
(	'BUILDING_COREXA_TIER3_DP_AGRI',	'LOC_BUILDING_COREXA_TIER3_DP_AGRI_NAME',			'TECH_COMBUSTION',			NULL,							'580',			'1',					'DISTRICT_COREEXPANSIONA', 		'LOC_BUILDING_COREXA_TIER3_DP_AGRI_DESCRIPTION',	'8',			'1',				'ADVISOR_TECHNOLOGY'		),
(	'BUILDING_COREXA_TIER3_DP_ECONOM',	'LOC_BUILDING_COREXA_TIER3_DP_ECONOM_NAME',			NULL,						'CIVIC_CAPITALISM',				'580',			'1',					'DISTRICT_COREEXPANSIONA', 		'LOC_BUILDING_COREXA_TIER3_DP_ECONOM_DESCRIPTION',	'8',			'1',				'ADVISOR_TECHNOLOGY'		);

INSERT INTO Building_YieldChanges

(	BuildingType,						YieldType,			YieldChange			)	VALUES
(	'BUILDING_COREXA_TIER1_CUL',		'YIELD_CULTURE',	'5'					),
(	'BUILDING_COREXA_TIER1_SCI',		'YIELD_SCIENCE',	'5'					),
(	'BUILDING_COREXA_TIER1_FAI',		'YIELD_FAITH',		'5'					),
(	'BUILDING_COREXA_TIER3_DP_TOUR',	'YIELD_CULTURE',	'5'					),
(	'BUILDING_COREXA_TIER3_DP_EDU',		'YIELD_SCIENCE',	'5'					),
(	'BUILDING_COREXA_TIER3_DP_ECONOM',	'YIELD_GOLD',		'5'					),
(	'BUILDING_COREXA_TIER3_DP_AGRI',	'YIELD_FOOD',		'5'					),
(	'BUILDING_COREXA_TIER3_DP_ENRGY',	'YIELD_PRODUCTION',	'5'					);


INSERT INTO BuildingModifiers
(	BuildingType,								ModifierId										)	VALUES
(	'BUILDING_COREXA_TIER1_SCI',				'BUILDING_COREXA_TIER1_SCI_YIELD'				),
(	'BUILDING_COREXA_TIER1_CUL',				'BUILDING_COREXA_TIER1_CUL_YIELD'				),
(	'BUILDING_COREXA_TIER1_FAI',				'BUILDING_COREXA_TIER1_FAI_YIELD'				),
(	'BUILDING_COREXA_TIER2_PLUSDIS',			'BUILDING_COREXA_TIER2_EXTRA_DIST'				),
(	'BUILDING_COREXA_TIER2_PRODDIS',			'BUILDING_COREXA_TIER2_PROD_DIST'				),
(	'BUILDING_COREXA_TIER2_DUBADJ',				'BUILDING_COREXA_TIER2_EXTRA_TRD_CRA_1'			),
(	'BUILDING_COREXA_TIER3_DP_TOUR',			'BUILDING_COREXA_TIER3_TOUR_PARK_GOLD'			),
(	'BUILDING_COREXA_TIER3_DP_TOUR',			'BUILDING_COREXA_TIER3_TOUR_CITY_PARK_CULT'		),
(	'BUILDING_COREXA_TIER3_DP_TOUR',			'BUILDING_COREXA_TIER3_TOUR_CITY_PARK_GOLD'		),
(	'BUILDING_COREXA_TIER3_DP_TOUR',			'BUILDING_COREXA_TIER3_TOUR_AIRP_GOLD'			),
(	'BUILDING_COREXA_TIER3_DP_TOUR',			'BUILDING_COREXA_TIER3_TOUR_ALL'				),
(	'BUILDING_COREXA_TIER3_DP_EDU',				'BUILDING_COREXA_TIER3_GP_POINTS_GEN'			),
(	'BUILDING_COREXA_TIER3_DP_EDU',				'BUILDING_COREXA_TIER3_GP_POINTS_ADM'			),
(	'BUILDING_COREXA_TIER3_DP_EDU',				'BUILDING_COREXA_TIER3_GP_POINTS_EGN'			),
(	'BUILDING_COREXA_TIER3_DP_EDU',				'BUILDING_COREXA_TIER3_GP_POINTS_MER'			),
(	'BUILDING_COREXA_TIER3_DP_EDU',				'BUILDING_COREXA_TIER3_GP_POINTS_PRO'			),
(	'BUILDING_COREXA_TIER3_DP_EDU',				'BUILDING_COREXA_TIER3_GP_POINTS_ART'			),
(	'BUILDING_COREXA_TIER3_DP_EDU',				'BUILDING_COREXA_TIER3_GP_POINTS_SCI'			),
(	'BUILDING_COREXA_TIER3_DP_EDU',				'BUILDING_COREXA_TIER3_GP_POINTS_WRI'			),
(	'BUILDING_COREXA_TIER3_DP_EDU',				'BUILDING_COREXA_TIER3_GP_POINTS_MUS'			),
(	'BUILDING_COREXA_TIER3_DP_EDU',				'BUILDING_COREXA_TIER3_EDU_LIB_PUR'				),
(	'BUILDING_COREXA_TIER3_DP_EDU',				'BUILDING_COREXA_TIER3_EDU_UNI_PUR'				),
(	'BUILDING_COREXA_TIER3_DP_EDU',				'BUILDING_COREXA_TIER3_EDU_CHAR_HOODS'			),
(	'BUILDING_COREXA_TIER3_DP_EDU',				'BUILDING_COREXA_TIER3_EDU_BRTH_HOODS'			),
(	'BUILDING_COREXA_TIER3_DP_EDU',				'BUILDING_COREXA_TIER3_EDU_LIBRAR_AMEN'			),
(	'BUILDING_COREXA_TIER3_DP_EDU',				'BUILDING_COREXA_TIER3_EDU_UNI_AMEN'			),
(	'BUILDING_COREXA_TIER3_DP_ENRGY',			'BUILDING_COREXA_TIER3_CITY_GEO_PLANT'			),
(	'BUILDING_COREXA_TIER3_DP_ENRGY',			'BUILDING_COREXA_TIER3_WIND_FARM'				),
(	'BUILDING_COREXA_TIER3_DP_ENRGY',			'BUILDING_COREXA_TIER3_SOLAR_FARM'				),
(	'BUILDING_COREXA_TIER3_DP_ENRGY',			'BUILDING_COREXA_TIER3_OFFWND'					),
(	'BUILDING_COREXA_TIER3_DP_ENRGY',			'BUILDING_COREXA_TIER3_MISC_PWR'				),
(	'BUILDING_COREXA_TIER3_DP_AGRI',			'BUILDING_COREXA_TIER3_AGRI_FARMS_FOOD'			),
(	'BUILDING_COREXA_TIER3_DP_AGRI',			'BUILDING_COREXA_TIER3_AGRI_FARMS_PROD'			),		
(	'BUILDING_COREXA_TIER3_DP_AGRI',			'BUILDING_COREXA_TIER3_AGRI_GRAIN_PROD'			),		
(	'BUILDING_COREXA_TIER3_DP_AGRI',			'EXPEDITION_ADJUST_SETTLERS_CONSUME_POPULATION'	),		
(	'BUILDING_COREXA_TIER3_DP_AGRI',			'BUILDING_COREXA_TIER3_AGRI_FREE_POP'			),		
(	'BUILDING_COREXA_TIER3_DP_ECONOM',			'BUILDING_COREXA_TIER3_ECON_CHAR_HOODS'			),		
(	'BUILDING_COREXA_TIER3_DP_ECONOM',			'BUILDING_COREXA_TIER3_ECON_BRTH_HOODS'			);		

INSERT INTO MutuallyExclusiveBuildings
(	Building,								MutuallyExclusiveBuilding				)	VALUES
(	'BUILDING_COREXA_TIER1_SCI',			'BUILDING_COREXA_TIER1_CUL'				),		
(	'BUILDING_COREXA_TIER1_SCI',			'BUILDING_COREXA_TIER1_FAI'				),
(	'BUILDING_COREXA_TIER1_CUL',	        'BUILDING_COREXA_TIER1_SCI'				),
(	'BUILDING_COREXA_TIER1_CUL',	        'BUILDING_COREXA_TIER1_FAI'				),
(	'BUILDING_COREXA_TIER1_FAI',	        'BUILDING_COREXA_TIER1_CUL'				),
(	'BUILDING_COREXA_TIER1_FAI',	        'BUILDING_COREXA_TIER1_SCI'				),
(	'BUILDING_COREXA_TIER2_PLUSDIS',        'BUILDING_COREXA_TIER2_PRODDIS'			),
(	'BUILDING_COREXA_TIER2_PLUSDIS',        'BUILDING_COREXA_TIER2_DUBADJ'			),
(	'BUILDING_COREXA_TIER2_PRODDIS',        'BUILDING_COREXA_TIER2_PLUSDIS'			),
(	'BUILDING_COREXA_TIER2_PRODDIS',        'BUILDING_COREXA_TIER2_DUBADJ'			),
(	'BUILDING_COREXA_TIER2_DUBADJ',	        'BUILDING_COREXA_TIER2_PRODDIS'			),
(	'BUILDING_COREXA_TIER2_DUBADJ',	        'BUILDING_COREXA_TIER2_PLUSDIS'			);

INSERT INTO BuildingPrereqs
(	Building,								PrereqBuilding							)	VALUES
(	'BUILDING_COREXA_TIER2_PLUSDIS',		'BUILDING_COREXA_TIER1_SCI'				),
(	'BUILDING_COREXA_TIER2_PLUSDIS',		'BUILDING_COREXA_TIER1_CUL'				),
(	'BUILDING_COREXA_TIER2_PLUSDIS',		'BUILDING_COREXA_TIER1_FAI'				),
(	'BUILDING_COREXA_TIER2_PRODDIS',		'BUILDING_COREXA_TIER1_SCI'				),
(	'BUILDING_COREXA_TIER2_PRODDIS',    	'BUILDING_COREXA_TIER1_CUL'				),
(	'BUILDING_COREXA_TIER2_PRODDIS',    	'BUILDING_COREXA_TIER1_FAI'				),
(	'BUILDING_COREXA_TIER2_DUBADJ',			'BUILDING_COREXA_TIER1_SCI'             ),
(	'BUILDING_COREXA_TIER2_DUBADJ',	    	'BUILDING_COREXA_TIER1_CUL'             ),
(	'BUILDING_COREXA_TIER2_DUBADJ',	    	'BUILDING_COREXA_TIER1_FAI'             ),
(	'BUILDING_COREXA_TIER3_DP_TOUR',		'BUILDING_COREXA_TIER2_PLUSDIS'         ),
(	'BUILDING_COREXA_TIER3_DP_TOUR',		'BUILDING_COREXA_TIER2_PRODDIS'			),
(	'BUILDING_COREXA_TIER3_DP_TOUR',		'BUILDING_COREXA_TIER2_DUBADJ'          ),
(	'BUILDING_COREXA_TIER3_DP_EDU',			'BUILDING_COREXA_TIER2_PLUSDIS'         ),
(	'BUILDING_COREXA_TIER3_DP_EDU',	    	'BUILDING_COREXA_TIER2_PRODDIS'         ),
(	'BUILDING_COREXA_TIER3_DP_EDU',	    	'BUILDING_COREXA_TIER2_DUBADJ'          ),
(	'BUILDING_COREXA_TIER3_DP_ENRGY',		'BUILDING_COREXA_TIER2_PLUSDIS'			),
(	'BUILDING_COREXA_TIER3_DP_ENRGY',		'BUILDING_COREXA_TIER2_PRODDIS'         ),
(	'BUILDING_COREXA_TIER3_DP_ENRGY',		'BUILDING_COREXA_TIER2_DUBADJ'          ),
(	'BUILDING_COREXA_TIER3_DP_ECONOM',		'BUILDING_COREXA_TIER2_PLUSDIS'			),
(	'BUILDING_COREXA_TIER3_DP_ECONOM',		'BUILDING_COREXA_TIER2_PRODDIS'         ),
(	'BUILDING_COREXA_TIER3_DP_ECONOM',		'BUILDING_COREXA_TIER2_DUBADJ'          ),
(	'BUILDING_COREXA_TIER3_DP_AGRI',		'BUILDING_COREXA_TIER2_PLUSDIS'			),
(	'BUILDING_COREXA_TIER3_DP_AGRI',		'BUILDING_COREXA_TIER2_PRODDIS'         ),
(	'BUILDING_COREXA_TIER3_DP_AGRI',		'BUILDING_COREXA_TIER2_DUBADJ'          );


--======================================================================================================================================================================================================--