--======================================================================================================================================================================================================--
/* CORE EXPANSION DISTRICT */
--======================================================================================================================================================================================================--
INSERT INTO Types
(	Type,								Kind			)	VALUES
(	'DISTRICT_COREEXPANSIONA',			'KIND_DISTRICT'	),
(	'DISTRICT_COREEXPANSIONB',			'KIND_DISTRICT'	),
(	'DISTRICT_COREEXPANSIONC',			'KIND_DISTRICT'	),
(	'BUILDING_COREXA_TIER1_SCI',		'KIND_BUILDING'	),
(	'BUILDING_COREXA_TIER1_CUL',		'KIND_BUILDING'	),
(	'BUILDING_COREXA_TIER1_FAI',		'KIND_BUILDING'	),
(	'BUILDING_COREXA_TIER2_PLUSDIS',	'KIND_BUILDING'	),
(	'BUILDING_COREXA_TIER2_PRODDIS',	'KIND_BUILDING'	),
(	'BUILDING_COREXA_TIER2_DUBADJ',		'KIND_BUILDING'	),
(	'BUILDING_COREXA_TIER3_DIPLO',		'KIND_BUILDING'	),
(	'BUILDING_COREXA_TIER3_GPPNT',		'KIND_BUILDING'	),
(	'BUILDING_COREXA_TIER3_PROJT',		'KIND_BUILDING'	),
(	'BUILDING_COREXB_TIER1_SCI',		'KIND_BUILDING'	),
(	'BUILDING_COREXB_TIER1_CUL',		'KIND_BUILDING'	),
(	'BUILDING_COREXB_TIER1_FAI',		'KIND_BUILDING'	),
(	'BUILDING_COREXB_TIER2_PLUSDIS',	'KIND_BUILDING'	),
(	'BUILDING_COREXB_TIER2_PRODDIS',	'KIND_BUILDING'	),
(	'BUILDING_COREXB_TIER2_DUBADJ',		'KIND_BUILDING'	),
(	'BUILDING_COREXB_TIER3_DIPLO',		'KIND_BUILDING'	),
(	'BUILDING_COREXB_TIER3_GPPNT',		'KIND_BUILDING'	),
(	'BUILDING_COREXB_TIER3_PROJT',		'KIND_BUILDING'	),
(	'BUILDING_COREXC_TIER1_SCI',		'KIND_BUILDING'	),
(	'BUILDING_COREXC_TIER1_CUL',		'KIND_BUILDING'	),
(	'BUILDING_COREXC_TIER1_FAI',		'KIND_BUILDING'	),
(	'BUILDING_COREXC_TIER2_PLUSDIS',	'KIND_BUILDING'	),
(	'BUILDING_COREXC_TIER2_PRODDIS',	'KIND_BUILDING'	),
(	'BUILDING_COREXC_TIER2_DUBADJ',		'KIND_BUILDING'	),
(	'BUILDING_COREXC_TIER3_DIPLO',		'KIND_BUILDING'	),
(	'BUILDING_COREXC_TIER3_GPPNT',		'KIND_BUILDING'	),
(	'BUILDING_COREXC_TIER3_PROJT',		'KIND_BUILDING'	);

INSERT INTO Districts
(	DistrictType,				Name,								Description,								PrereqTech,				PlunderType,	PlunderAmount,	AdvisorType,		Cost,	CostProgressionModel,				CostProgressionParam1,	OnePerCity,	RequiresPlacement,	RequiresPopulation,	Aqueduct,	NoAdjacentCity,	InternalOnly,	CaptureRemovesBuildings,	CaptureRemovesCityDefenses,	MilitaryDomain,	Housing,	Maintenance,	CityStrengthModifier	)	VALUES
(	'DISTRICT_COREEXPANSIONA',	'LOC_DISTRICT_COREEXPANSIONA_NAME',	'LOC_DISTRICT_COREEXPANSIONA_DESCRIPTION',	'TECH_CONSTRUCTION',	'PLUNDER_GOLD',	'50',			'ADVISOR_GENERIC',	'54',	'COST_PROGRESSION_GAME_PROGRESS',	'1000',					'1',		'1',				'0',				'1',		'0',			'0',			'0',						'0',						'NO_DOMAIN',	'3',		'10',			'1'						),
(	'DISTRICT_COREEXPANSIONB',	'LOC_DISTRICT_COREEXPANSIONB_NAME',	'LOC_DISTRICT_COREEXPANSIONA_DESCRIPTION',	'TECH_MASS_PRODUCTION',	'PLUNDER_GOLD',	'50',			'ADVISOR_GENERIC',	'54',	'COST_PROGRESSION_GAME_PROGRESS',	'1000',					'1',		'1',				'0',				'1',		'0',			'0',			'0',						'0',						'NO_DOMAIN',	'3',		'10',			'1'						),
(	'DISTRICT_COREEXPANSIONC',	'LOC_DISTRICT_COREEXPANSIONC_NAME',	'LOC_DISTRICT_COREEXPANSIONA_DESCRIPTION',	'TECH_STEEL',			'PLUNDER_GOLD',	'50',			'ADVISOR_GENERIC',	'54',	'COST_PROGRESSION_GAME_PROGRESS',	'1000',					'1',		'1',				'0',				'1',		'0',			'0',			'0',						'0',						'NO_DOMAIN',	'3',		'10',			'1'						);

INSERT INTO Adjacency_YieldChanges
(	ID,								Description,								YieldType,			YieldChange,	TilesRequired,	AdjacentDistrict				)	VALUES
(	'CoreExA_CampusOne',			'LOC_DISTRICT_COREEXPANSIONA_CAMPUS',		'YIELD_SCIENCE',	2,				1,				'DISTRICT_CAMPUS'				),
(	'CoreExA_SeowonOne',			'LOC_DISTRICT_COREEXPANSIONA_SEOWON',		'YIELD_SCIENCE',	2,				1,				'DISTRICT_SEOWON'				),
(	'CoreExA_HolySiteOne',			'LOC_DISTRICT_COREEXPANSIONA_HOLYSITE',		'YIELD_FAITH',		2,				1,				'DISTRICT_HOLY_SITE'			),
(	'CoreExA_CommHubOne',			'LOC_DISTRICT_COREEXPANSIONA_COMMHUB',		'YIELD_GOLD',		2,				1,				'DISTRICT_COMMERCIAL_HUB'		),
(	'CoreExA_SugubaOne',			'LOC_DISTRICT_COREEXPANSIONA_SUGUBA',		'YIELD_GOLD',		2,				1,				'DISTRICT_SUGUBA'				),
(	'CoreExA_TheaterOne',			'LOC_DISTRICT_COREEXPANSIONA_THEATER',		'YIELD_CULTURE',	2,				1,				'DISTRICT_THEATER'				),
(	'CoreExA_HarborOne',			'LOC_DISTRICT_COREEXPANSIONA_HARBOR',		'YIELD_GOLD',		1,				1,				'DISTRICT_HARBOR'				),
(	'CoreExA_HarborProdOne',		'LOC_DISTRICT_COREEXPANSIONA_HARBORPROD',	'YIELD_PRODUCTION',	1,				1,				'DISTRICT_HARBOR'				),
(	'CoreExA_IndustrialOne',		'LOC_DISTRICT_COREEXPANSIONA_INDUSTRIAL',	'YIELD_PRODUCTION',	2,				1,				'DISTRICT_INDUSTRIAL_ZONE'		),
(	'CoreExA_AqueductOne',			'LOC_DISTRICT_COREEXPANSIONA_AQUEDUCT',		'YIELD_FOOD',		2,				1,				'DISTRICT_AQUEDUCT'				),
(	'CoreExA_AcropolisOne',			'LOC_DISTRICT_COREEXPANSIONA_ACROPOLIS',	'YIELD_CULTURE',	2,				1,				'DISTRICT_ACROPOLIS'			),
(	'CoreExA_BathOne',				'LOC_DISTRICT_COREEXPANSIONA_BATH',			'YIELD_FOOD',		2,				1,				'DISTRICT_BATH'					),
(	'CoreExA_HansaOne',				'LOC_DISTRICT_COREEXPANSIONA_HANSA',		'YIELD_PRODUCTION',	2,				1,				'DISTRICT_HANSA'				),
(	'CoreExA_LavraOne',				'LOC_DISTRICT_COREEXPANSIONA_LAVRA',		'YIELD_FAITH',		2,				1,				'DISTRICT_LAVRA'				),
(	'CoreExA_RoyalNavyGoldOne',		'LOC_DISTRICT_COREEXPANSIONA_ROYALGOLD',	'YIELD_GOLD',		1,				1,				'DISTRICT_ROYAL_NAVY_DOCKYARD'	),
(	'CoreExA_RoyalNavyProdOne',		'LOC_DISTRICT_COREEXPANSIONA_ROYALPROD',	'YIELD_PRODUCTION',	1,				1,				'DISTRICT_ROYAL_NAVY_DOCKYARD'	),
(	'CoreExA_CothonGoldOne',		'LOC_DISTRICT_COREEXPANSIONA_COTHON',		'YIELD_GOLD',		1,				1,				'DISTRICT_COTHON'				),
(	'CoreExA_CothonProdOne',		'LOC_DISTRICT_COREEXPANSIONA_COTHONPROD',	'YIELD_PRODUCTION',	1,				1,				'DISTRICT_COTHON'				),
(	'CoreExA_Canal',				'LOC_DISTRICT_COREEXPANSIONA_CANAL',		'YIELD_GOLD',		2,				1,				'DISTRICT_CANAL'				),
(	'CoreExA_Entertainment',		'LOC_DISTRICT_COREEXPANSIONA_ENTERTAIMENT',	'YIELD_GOLD',		2,				1,				'DISTRICT_ENTERTAINMENT_COMPLEX'	),
(	'CoreExA_StreetCarnival',		'LOC_DISTRICT_COREEXPANSIONA_STREETCARNIVAL',		'YIELD_GOLD',		2,				1,		'DISTRICT_STREET_CARNIVAL'		),
(	'CoreExA_Waterpark',			'LOC_DISTRICT_COREEXPANSIONA_WATERPARK',	'YIELD_GOLD',		2,				1,				'DISTRICT_WATER_ENTERTAINMENT_COMPLEX'	),
(	'CoreExA_Copacabana',			'LOC_DISTRICT_COREEXPANSIONA_COPACABANA',	'YIELD_GOLD',		2,				1,				'DISTRICT_WATER_STREET_CARNIVAL'		),
(	'CoreExA_Dam',					'LOC_DISTRICT_COREEXPANSIONA_DAM',			'YIELD_GOLD',		2,				1,				'DISTRICT_DAM'					),
(	'CoreExA_CoreExB',					'LOC_DISTRICT_COREEXPANSIONA_COREXB',			'YIELD_GOLD',		2,				1,				'DISTRICT_COREEXPANSIONB'					),
(	'CoreExA_CoreExC',					'LOC_DISTRICT_COREEXPANSIONA_COREXB',			'YIELD_GOLD',		2,				1,				'DISTRICT_COREEXPANSIONC'					),
(	'Campus_CoreExA',				'LOC_DISTRICT_CAMPUS_COREEXPANSIONA',		'YIELD_SCIENCE',	1,				1,				'DISTRICT_COREEXPANSIONA'		),
(	'Seowon_CoreExA',				'LOC_DISTRICT_SEOWON_COREEXPANSIONA',		'YIELD_SCIENCE',	1,				1,				'DISTRICT_COREEXPANSIONA'		),
(	'HolySite_CoreExA',				'LOC_DISTRICT_HOLYSITE_COREEXPANSIONA',		'YIELD_FAITH',		1,				1,				'DISTRICT_COREEXPANSIONA'		),
(	'Lavra_CoreExA',				'LOC_DISTRICT_LAVRA_COREEXPANSIONA',		'YIELD_FAITH',		1,				1,				'DISTRICT_COREEXPANSIONA'		),
(	'CommHub_CoreExA',				'LOC_DISTRICT_THEATER_COREEXPANSIONA',		'YIELD_GOLD',		1,				1,				'DISTRICT_COREEXPANSIONA'		),
(	'Suguba_CoreExA',				'LOC_DISTRICT_SUGUBA_COREEXPANSIONA',		'YIELD_GOLD',		1,				1,				'DISTRICT_COREEXPANSIONA'		),
(	'Theater_CoreExA',				'LOC_DISTRICT_THEATER_COREEXPANSIONA',		'YIELD_CULTURE',	1,				1,				'DISTRICT_COREEXPANSIONA'		),
(	'Acropolis_CoreExA',			'LOC_DISTRICT_ACROPOLIS_COREEXPANSIONA',	'YIELD_CULTURE',	1,				1,				'DISTRICT_COREEXPANSIONA'		),
(	'Harbor_CoreExA',				'LOC_DISTRICT_HARBOR_COREEXPANSIONA',		'YIELD_GOLD',		1,				1,				'DISTRICT_COREEXPANSIONA'		),
(	'RoyalNavy_CoreExA',			'LOC_DISTRICT_ROYALNAVY_COREEXPANSIONA',	'YIELD_GOLD',		1,				1,				'DISTRICT_COREEXPANSIONA'		),
(	'Cothon_CoreExA',				'LOC_DISTRICT_COTHON_COREEXPANSIONA',		'YIELD_FOOD',		1,				1,				'DISTRICT_COREEXPANSIONA'		),
(	'Industrial_CoreExA',			'LOC_DISTRICT_INDUSTRIAL_COREEXPANSIONA',	'YIELD_PRODUCTION',	1,				1,				'DISTRICT_COREEXPANSIONA'		),
(	'Hansa_CoreExA',				'LOC_DISTRICT_HANSA_COREEXPANSIONA',		'YIELD_PRODUCTION',	1,				1,				'DISTRICT_COREEXPANSIONA'		),
(	'Aqueduct_CoreExA',				'LOC_DISTRICT_AQUADUCT_COREEXPANSIONA',		'YIELD_FOOD',		1,				1,				'DISTRICT_COREEXPANSIONA'		),
(	'Bath_CoreExA',					'LOC_DISTRICT_BATH_COREEXPANSIONA',			'YIELD_FOOD',		1,				1,				'DISTRICT_COREEXPANSIONA'		),
(	'CoreExB_CampusOne',			'LOC_DISTRICT_COREEXPANSIONA_CAMPUS',		'YIELD_SCIENCE',	2,				1,				'DISTRICT_CAMPUS'				),
(	'CoreExB_SeowonOne',			'LOC_DISTRICT_COREEXPANSIONA_SEOWON',		'YIELD_SCIENCE',	2,				1,				'DISTRICT_SEOWON'				),
(	'CoreExB_HolySiteOne',			'LOC_DISTRICT_COREEXPANSIONA_HOLYSITE',		'YIELD_FAITH',		2,				1,				'DISTRICT_HOLY_SITE'			),
(	'CoreExB_CommHubOne',			'LOC_DISTRICT_COREEXPANSIONA_COMMHUB',		'YIELD_GOLD',		2,				1,				'DISTRICT_COMMERCIAL_HUB'		),
(	'CoreExB_SugubaOne',			'LOC_DISTRICT_COREEXPANSIONA_SUGUBA',		'YIELD_GOLD',		2,				1,				'DISTRICT_SUGUBA'				),
(	'CoreExB_TheaterOne',			'LOC_DISTRICT_COREEXPANSIONA_THEATER',		'YIELD_CULTURE',	2,				1,				'DISTRICT_THEATER'				),
(	'CoreExB_HarborOne',			'LOC_DISTRICT_COREEXPANSIONA_HARBOR',		'YIELD_GOLD',		1,				1,				'DISTRICT_HARBOR'				),
(	'CoreExB_HarborProdOne',		'LOC_DISTRICT_COREEXPANSIONA_HARBORPROD',	'YIELD_PRODUCTION',	1,				1,				'DISTRICT_HARBOR'				),
(	'CoreExB_IndustrialOne',		'LOC_DISTRICT_COREEXPANSIONA_INDUSTRIAL',	'YIELD_PRODUCTION',	2,				1,				'DISTRICT_INDUSTRIAL_ZONE'		),
(	'CoreExB_AqueductOne',			'LOC_DISTRICT_COREEXPANSIONA_AQUEDUCT',		'YIELD_FOOD',		2,				1,				'DISTRICT_AQUEDUCT'				),
(	'CoreExB_AcropolisOne',			'LOC_DISTRICT_COREEXPANSIONA_ACROPOLIS',	'YIELD_CULTURE',	2,				1,				'DISTRICT_ACROPOLIS'			),
(	'CoreExB_BathOne',				'LOC_DISTRICT_COREEXPANSIONA_BATH',			'YIELD_FOOD',		2,				1,				'DISTRICT_BATH'					),
(	'CoreExB_HansaOne',				'LOC_DISTRICT_COREEXPANSIONA_HANSA',		'YIELD_PRODUCTION',	2,				1,				'DISTRICT_HANSA'				),
(	'CoreExB_LavraOne',				'LOC_DISTRICT_COREEXPANSIONA_LAVRA',		'YIELD_FAITH',		2,				1,				'DISTRICT_LAVRA'				),
(	'CoreExB_RoyalNavyGoldOne',		'LOC_DISTRICT_COREEXPANSIONA_ROYALGOLD',	'YIELD_GOLD',		1,				1,				'DISTRICT_ROYAL_NAVY_DOCKYARD'	),
(	'CoreExB_RoyalNavyProdOne',		'LOC_DISTRICT_COREEXPANSIONA_ROYALPROD',	'YIELD_PRODUCTION',	1,				1,				'DISTRICT_ROYAL_NAVY_DOCKYARD'	),
(	'CoreExB_CothonGoldOne',		'LOC_DISTRICT_COREEXPANSIONA_COTHON',		'YIELD_GOLD',		1,				1,				'DISTRICT_COTHON'				),
(	'CoreExB_CothonProdOne',		'LOC_DISTRICT_COREEXPANSIONA_COTHONPROD',	'YIELD_PRODUCTION',	1,				1,				'DISTRICT_COTHON'				),
(	'CoreExB_Canal',				'LOC_DISTRICT_COREEXPANSIONA_CANAL',		'YIELD_GOLD',		2,				1,				'DISTRICT_CANAL'				),
(	'CoreExB_Entertainment',		'LOC_DISTRICT_COREEXPANSIONA_ENTERTAIMENT',	'YIELD_GOLD',		2,				1,				'DISTRICT_ENTERTAINMENT_COMPLEX'	),
(	'CoreExB_StreetCarnival',		'LOC_DISTRICT_COREEXPANSIONA_STREETCARNIVAL',		'YIELD_GOLD',		2,				1,		'DISTRICT_STREET_CARNIVAL'		),
(	'CoreExB_Waterpark',			'LOC_DISTRICT_COREEXPANSIONA_WATERPARK',	'YIELD_GOLD',		2,				1,				'DISTRICT_WATER_ENTERTAINMENT_COMPLEX'	),
(	'CoreExB_Copacabana',			'LOC_DISTRICT_COREEXPANSIONA_COPACABANA',	'YIELD_GOLD',		2,				1,				'DISTRICT_WATER_STREET_CARNIVAL'		),
(	'CoreExB_Dam',					'LOC_DISTRICT_COREEXPANSIONA_DAM',			'YIELD_GOLD',		2,				1,				'DISTRICT_DAM'					),
(	'CoreExB_CoreExA',					'LOC_DISTRICT_COREEXPANSIONA_COREXA',			'YIELD_GOLD',		2,				1,				'DISTRICT_COREEXPANSIONA'					),
(	'CoreExB_CoreExC',					'LOC_DISTRICT_COREEXPANSIONA_COREXC',			'YIELD_GOLD',		2,				1,				'DISTRICT_COREEXPANSIONC'					),
(	'Campus_CoreExB',				'LOC_DISTRICT_CAMPUS_COREEXPANSIONA',		'YIELD_SCIENCE',	1,				1,				'DISTRICT_COREEXPANSIONB'		),
(	'Seowon_CoreExB',				'LOC_DISTRICT_SEOWON_COREEXPANSIONA',		'YIELD_SCIENCE',	1,				1,				'DISTRICT_COREEXPANSIONB'		),
(	'HolySite_CoreExB',				'LOC_DISTRICT_HOLYSITE_COREEXPANSIONA',		'YIELD_FAITH',		1,				1,				'DISTRICT_COREEXPANSIONB'		),
(	'Lavra_CoreExB',				'LOC_DISTRICT_LAVRA_COREEXPANSIONA',		'YIELD_FAITH',		1,				1,				'DISTRICT_COREEXPANSIONB'		),
(	'CommHub_CoreExB',				'LOC_DISTRICT_THEATER_COREEXPANSIONA',		'YIELD_GOLD',		1,				1,				'DISTRICT_COREEXPANSIONB'		),
(	'Suguba_CoreExB',				'LOC_DISTRICT_SUGUBA_COREEXPANSIONA',		'YIELD_GOLD',		1,				1,				'DISTRICT_COREEXPANSIONB'		),
(	'Theater_CoreExB',				'LOC_DISTRICT_THEATER_COREEXPANSIONA',		'YIELD_CULTURE',	1,				1,				'DISTRICT_COREEXPANSIONB'		),
(	'Acropolis_CoreExB',			'LOC_DISTRICT_ACROPOLIS_COREEXPANSIONA',	'YIELD_CULTURE',	1,				1,				'DISTRICT_COREEXPANSIONB'		),
(	'Harbor_CoreExB',				'LOC_DISTRICT_HARBOR_COREEXPANSIONA',		'YIELD_GOLD',		1,				1,				'DISTRICT_COREEXPANSIONB'		),
(	'RoyalNavy_CoreExB',			'LOC_DISTRICT_ROYALNAVY_COREEXPANSIONA',	'YIELD_GOLD',		1,				1,				'DISTRICT_COREEXPANSIONB'		),
(	'Cothon_CoreExB',				'LOC_DISTRICT_COTHON_COREEXPANSIONA',		'YIELD_FOOD',		1,				1,				'DISTRICT_COREEXPANSIONB'		),
(	'Industrial_CoreExB',			'LOC_DISTRICT_INDUSTRIAL_COREEXPANSIONA',	'YIELD_PRODUCTION',	1,				1,				'DISTRICT_COREEXPANSIONB'		),
(	'Hansa_CoreExB',				'LOC_DISTRICT_HANSA_COREEXPANSIONA',		'YIELD_PRODUCTION',	1,				1,				'DISTRICT_COREEXPANSIONB'		),
(	'Aqueduct_CoreExB',				'LOC_DISTRICT_AQUADUCT_COREEXPANSIONA',		'YIELD_FOOD',		1,				1,				'DISTRICT_COREEXPANSIONB'		),
(	'Bath_CoreExB',					'LOC_DISTRICT_BATH_COREEXPANSIONA',			'YIELD_FOOD',		1,				1,				'DISTRICT_COREEXPANSIONB'		),
(	'CoreExC_CampusOne',			'LOC_DISTRICT_COREEXPANSIONA_CAMPUS',		'YIELD_SCIENCE',	2,				1,				'DISTRICT_CAMPUS'				),
(	'CoreExC_SeowonOne',			'LOC_DISTRICT_COREEXPANSIONA_SEOWON',		'YIELD_SCIENCE',	2,				1,				'DISTRICT_SEOWON'				),
(	'CoreExC_HolySiteOne',			'LOC_DISTRICT_COREEXPANSIONA_HOLYSITE',		'YIELD_FAITH',		2,				1,				'DISTRICT_HOLY_SITE'			),
(	'CoreExC_CommHubOne',			'LOC_DISTRICT_COREEXPANSIONA_COMMHUB',		'YIELD_GOLD',		2,				1,				'DISTRICT_COMMERCIAL_HUB'		),
(	'CoreExC_SugubaOne',			'LOC_DISTRICT_COREEXPANSIONA_SUGUBA',		'YIELD_GOLD',		2,				1,				'DISTRICT_SUGUBA'				),
(	'CoreExC_TheaterOne',			'LOC_DISTRICT_COREEXPANSIONA_THEATER',		'YIELD_CULTURE',	2,				1,				'DISTRICT_THEATER'				),
(	'CoreExC_HarborOne',			'LOC_DISTRICT_COREEXPANSIONA_HARBOR',		'YIELD_GOLD',		1,				1,				'DISTRICT_HARBOR'				),
(	'CoreExC_HarborProdOne',		'LOC_DISTRICT_COREEXPANSIONA_HARBORPROD',	'YIELD_PRODUCTION',	1,				1,				'DISTRICT_HARBOR'				),
(	'CoreExC_IndustrialOne',		'LOC_DISTRICT_COREEXPANSIONA_INDUSTRIAL',	'YIELD_PRODUCTION',	2,				1,				'DISTRICT_INDUSTRIAL_ZONE'		),
(	'CoreExC_AqueductOne',			'LOC_DISTRICT_COREEXPANSIONA_AQUEDUCT',		'YIELD_FOOD',		2,				1,				'DISTRICT_AQUEDUCT'				),
(	'CoreExC_AcropolisOne',			'LOC_DISTRICT_COREEXPANSIONA_ACROPOLIS',	'YIELD_CULTURE',	2,				1,				'DISTRICT_ACROPOLIS'			),
(	'CoreExC_BathOne',				'LOC_DISTRICT_COREEXPANSIONA_BATH',			'YIELD_FOOD',		2,				1,				'DISTRICT_BATH'					),
(	'CoreExC_HansaOne',				'LOC_DISTRICT_COREEXPANSIONA_HANSA',		'YIELD_PRODUCTION',	2,				1,				'DISTRICT_HANSA'				),
(	'CoreExC_LavraOne',				'LOC_DISTRICT_COREEXPANSIONA_LAVRA',		'YIELD_FAITH',		2,				1,				'DISTRICT_LAVRA'				),
(	'CoreExC_RoyalNavyGoldOne',		'LOC_DISTRICT_COREEXPANSIONA_ROYALGOLD',	'YIELD_GOLD',		1,				1,				'DISTRICT_ROYAL_NAVY_DOCKYARD'	),
(	'CoreExC_RoyalNavyProdOne',		'LOC_DISTRICT_COREEXPANSIONA_ROYALPROD',	'YIELD_PRODUCTION',	1,				1,				'DISTRICT_ROYAL_NAVY_DOCKYARD'	),
(	'CoreExC_CothonGoldOne',		'LOC_DISTRICT_COREEXPANSIONA_COTHON',		'YIELD_GOLD',		1,				1,				'DISTRICT_COTHON'				),
(	'CoreExC_CothonProdOne',		'LOC_DISTRICT_COREEXPANSIONA_COTHONPROD',	'YIELD_PRODUCTION',	1,				1,				'DISTRICT_COTHON'				),
(	'CoreExC_Canal',				'LOC_DISTRICT_COREEXPANSIONA_CANAL',		'YIELD_GOLD',		2,				1,				'DISTRICT_CANAL'				),
(	'CoreExC_Entertainment',		'LOC_DISTRICT_COREEXPANSIONA_ENTERTAIMENT',	'YIELD_GOLD',		2,				1,				'DISTRICT_ENTERTAINMENT_COMPLEX'	),
(	'CoreExC_StreetCarnival',		'LOC_DISTRICT_COREEXPANSIONA_STREETCARNIVAL',		'YIELD_GOLD',		2,				1,		'DISTRICT_STREET_CARNIVAL'		),
(	'CoreExC_Waterpark',			'LOC_DISTRICT_COREEXPANSIONA_WATERPARK',	'YIELD_GOLD',		2,				1,				'DISTRICT_WATER_ENTERTAINMENT_COMPLEX'	),
(	'CoreExC_Copacabana',			'LOC_DISTRICT_COREEXPANSIONA_COPACABANA',	'YIELD_GOLD',		2,				1,				'DISTRICT_WATER_STREET_CARNIVAL'		),
(	'CoreExC_Dam',					'LOC_DISTRICT_COREEXPANSIONA_DAM',			'YIELD_GOLD',		2,				1,				'DISTRICT_DAM'					),
(	'CoreExC_CoreExB',					'LOC_DISTRICT_COREEXPANSIONA_COREXB',			'YIELD_GOLD',		2,				1,				'DISTRICT_COREEXPANSIONB'					),
(	'CoreExC_CoreExA',					'LOC_DISTRICT_COREEXPANSIONA_COREXA',			'YIELD_GOLD',		2,				1,				'DISTRICT_COREEXPANSIONA'					),
(	'Campus_CoreExC',				'LOC_DISTRICT_CAMPUS_COREEXPANSIONA',		'YIELD_SCIENCE',	1,				1,				'DISTRICT_COREEXPANSIONC'		),
(	'Seowon_CoreExC',				'LOC_DISTRICT_SEOWON_COREEXPANSIONA',		'YIELD_SCIENCE',	1,				1,				'DISTRICT_COREEXPANSIONC'		),
(	'HolySite_CoreExC',				'LOC_DISTRICT_HOLYSITE_COREEXPANSIONA',		'YIELD_FAITH',		1,				1,				'DISTRICT_COREEXPANSIONC'		),
(	'Lavra_CoreExC',				'LOC_DISTRICT_LAVRA_COREEXPANSIONA',		'YIELD_FAITH',		1,				1,				'DISTRICT_COREEXPANSIONC'		),
(	'CommHub_CoreExC',				'LOC_DISTRICT_THEATER_COREEXPANSIONA',		'YIELD_GOLD',		1,				1,				'DISTRICT_COREEXPANSIONC'		),
(	'Suguba_CoreExC',				'LOC_DISTRICT_SUGUBA_COREEXPANSIONA',		'YIELD_GOLD',		1,				1,				'DISTRICT_COREEXPANSIONC'		),
(	'Theater_CoreExC',				'LOC_DISTRICT_THEATER_COREEXPANSIONA',		'YIELD_CULTURE',	1,				1,				'DISTRICT_COREEXPANSIONC'		),
(	'Acropolis_CoreExC',			'LOC_DISTRICT_ACROPOLIS_COREEXPANSIONA',	'YIELD_CULTURE',	1,				1,				'DISTRICT_COREEXPANSIONC'		),
(	'Harbor_CoreExC',				'LOC_DISTRICT_HARBOR_COREEXPANSIONA',		'YIELD_GOLD',		1,				1,				'DISTRICT_COREEXPANSIONC'		),
(	'RoyalNavy_CoreExC',			'LOC_DISTRICT_ROYALNAVY_COREEXPANSIONA',	'YIELD_GOLD',		1,				1,				'DISTRICT_COREEXPANSIONC'		),
(	'Cothon_CoreExC',				'LOC_DISTRICT_COTHON_COREEXPANSIONA',		'YIELD_FOOD',		1,				1,				'DISTRICT_COREEXPANSIONC'		),
(	'Industrial_CoreExC',			'LOC_DISTRICT_INDUSTRIAL_COREEXPANSIONA',	'YIELD_PRODUCTION',	1,				1,				'DISTRICT_COREEXPANSIONC'		),
(	'Hansa_CoreExC',				'LOC_DISTRICT_HANSA_COREEXPANSIONA',		'YIELD_PRODUCTION',	1,				1,				'DISTRICT_COREEXPANSIONC'		),
(	'Aqueduct_CoreExC',				'LOC_DISTRICT_AQUADUCT_COREEXPANSIONA',		'YIELD_FOOD',		1,				1,				'DISTRICT_COREEXPANSIONC'		),
(	'Bath_CoreExC',					'LOC_DISTRICT_BATH_COREEXPANSIONA',			'YIELD_FOOD',		1,				1,				'DISTRICT_COREEXPANSIONC'		);

INSERT INTO District_Adjacencies
(	DistrictType,					YieldChangeID					)	VALUES
(	'DISTRICT_COREEXPANSIONA',		'CoreExA_CampusOne'				),
(	'DISTRICT_COREEXPANSIONA',		'CoreExA_HolySiteOne'			),
(	'DISTRICT_COREEXPANSIONA',		'CoreExA_CommHubOne'			),
(	'DISTRICT_COREEXPANSIONA',		'CoreExA_TheaterOne'			),
(	'DISTRICT_COREEXPANSIONA',		'CoreExA_HarborOne'				),
(	'DISTRICT_COREEXPANSIONA',		'CoreExA_HarborProdOne'			),
(	'DISTRICT_COREEXPANSIONA',		'CoreExA_IndustrialOne'			),
(	'DISTRICT_COREEXPANSIONA',		'CoreExA_AqueductOne'			),
(	'DISTRICT_COREEXPANSIONA',		'CoreExA_AcropolisOne'			),
(	'DISTRICT_COREEXPANSIONA',		'CoreExA_BathOne'				),
(	'DISTRICT_COREEXPANSIONA',		'CoreExA_HansaOne'				),
(	'DISTRICT_COREEXPANSIONA',		'CoreExA_LavraOne'				),
(	'DISTRICT_COREEXPANSIONA',		'CoreExA_RoyalNavyGoldOne'		),
(	'DISTRICT_COREEXPANSIONA',		'CoreExA_SeowonOne'				),
(	'DISTRICT_COREEXPANSIONA',		'CoreExA_SugubaOne'				),
(	'DISTRICT_COREEXPANSIONA',		'CoreExA_CothonGoldOne'			),
(	'DISTRICT_COREEXPANSIONA',		'CoreExA_CothonProdOne'			),
(	'DISTRICT_COREEXPANSIONA',		'CoreExA_RoyalNavyProdOne'		),
(	'DISTRICT_COREEXPANSIONA',		'CoreExA_Canal'					),
(	'DISTRICT_COREEXPANSIONA',		'CoreExA_Entertainment'			),
(	'DISTRICT_COREEXPANSIONA',		'CoreExA_StreetCarnival'		),
(	'DISTRICT_COREEXPANSIONA',		'CoreExA_Waterpark'				),
(	'DISTRICT_COREEXPANSIONA',		'CoreExA_Copacabana'			),
(	'DISTRICT_COREEXPANSIONA',		'CoreExA_Dam'					),
(	'DISTRICT_COREEXPANSIONA',		'CoreExA_CoreExB'				),
(	'DISTRICT_COREEXPANSIONA',		'CoreExA_CoreExC'				),
(	'DISTRICT_CAMPUS',				'Campus_CoreExA'				),
(	'DISTRICT_SEOWON',				'Seowon_CoreExA'				),
(	'DISTRICT_HOLY_SITE',			'HolySite_CoreExA'				),
(	'DISTRICT_LAVRA',				'Lavra_CoreExA'					),
(	'DISTRICT_COMMERCIAL_HUB',		'CommHub_CoreExA'				),
(	'DISTRICT_SUGUBA',				'Suguba_CoreExA'				),
(	'DISTRICT_THEATER',				'Theater_CoreExA'				),
(	'DISTRICT_ACROPOLIS',			'Acropolis_CoreExA'				),
(	'DISTRICT_HARBOR',				'Harbor_CoreExA'				),
(	'DISTRICT_ROYAL_NAVY_DOCKYARD',	'RoyalNavy_CoreExA'				),
(	'DISTRICT_COTHON',				'Cothon_CoreExA'				),
(	'DISTRICT_INDUSTRIAL_ZONE',		'Industrial_CoreExA'			),
(	'DISTRICT_HANSA',				'Hansa_CoreExA'					),
(	'DISTRICT_AQUEDUCT',			'Aqueduct_CoreExA'				),
(	'DISTRICT_BATH',				'Bath_CoreExA'					),
(	'DISTRICT_COREEXPANSIONB',		'CoreExB_CampusOne'				),
(	'DISTRICT_COREEXPANSIONB',		'CoreExB_HolySiteOne'			),
(	'DISTRICT_COREEXPANSIONB',		'CoreExB_CommHubOne'			),
(	'DISTRICT_COREEXPANSIONB',		'CoreExB_TheaterOne'			),
(	'DISTRICT_COREEXPANSIONB',		'CoreExB_HarborOne'				),
(	'DISTRICT_COREEXPANSIONB',		'CoreExB_HarborProdOne'			),
(	'DISTRICT_COREEXPANSIONB',		'CoreExB_IndustrialOne'			),
(	'DISTRICT_COREEXPANSIONB',		'CoreExB_AqueductOne'			),
(	'DISTRICT_COREEXPANSIONB',		'CoreExB_AcropolisOne'			),
(	'DISTRICT_COREEXPANSIONB',		'CoreExB_BathOne'				),
(	'DISTRICT_COREEXPANSIONB',		'CoreExB_HansaOne'				),
(	'DISTRICT_COREEXPANSIONB',		'CoreExB_LavraOne'				),
(	'DISTRICT_COREEXPANSIONB',		'CoreExB_RoyalNavyGoldOne'		),
(	'DISTRICT_COREEXPANSIONB',		'CoreExB_SeowonOne'				),
(	'DISTRICT_COREEXPANSIONB',		'CoreExB_SugubaOne'				),
(	'DISTRICT_COREEXPANSIONB',		'CoreExB_CothonGoldOne'			),
(	'DISTRICT_COREEXPANSIONB',		'CoreExB_CothonProdOne'			),
(	'DISTRICT_COREEXPANSIONB',		'CoreExB_RoyalNavyProdOne'		),
(	'DISTRICT_COREEXPANSIONB',		'CoreExB_Canal'					),
(	'DISTRICT_COREEXPANSIONB',		'CoreExB_Entertainment'			),
(	'DISTRICT_COREEXPANSIONB',		'CoreExB_StreetCarnival'		),
(	'DISTRICT_COREEXPANSIONB',		'CoreExB_Waterpark'				),
(	'DISTRICT_COREEXPANSIONB',		'CoreExB_Copacabana'			),
(	'DISTRICT_COREEXPANSIONB',		'CoreExB_Dam'					),
(	'DISTRICT_COREEXPANSIONB',		'CoreExB_CoreExA'				),
(	'DISTRICT_COREEXPANSIONB',		'CoreExB_CoreExC'				),
(	'DISTRICT_CAMPUS',				'Campus_CoreExB'				),
(	'DISTRICT_SEOWON',				'Seowon_CoreExB'				),
(	'DISTRICT_HOLY_SITE',			'HolySite_CoreExB'				),
(	'DISTRICT_LAVRA',				'Lavra_CoreExB'					),
(	'DISTRICT_COMMERCIAL_HUB',		'CommHub_CoreExB'				),
(	'DISTRICT_SUGUBA',				'Suguba_CoreExB'				),
(	'DISTRICT_THEATER',				'Theater_CoreExB'				),
(	'DISTRICT_ACROPOLIS',			'Acropolis_CoreExB'				),
(	'DISTRICT_HARBOR',				'Harbor_CoreExB'				),
(	'DISTRICT_ROYAL_NAVY_DOCKYARD',	'RoyalNavy_CoreExB'				),
(	'DISTRICT_COTHON',				'Cothon_CoreExB'				),
(	'DISTRICT_INDUSTRIAL_ZONE',		'Industrial_CoreExB'			),
(	'DISTRICT_HANSA',				'Hansa_CoreExB'					),
(	'DISTRICT_AQUEDUCT',			'Aqueduct_CoreExB'				),
(	'DISTRICT_BATH',				'Bath_CoreExB'					),
(	'DISTRICT_COREEXPANSIONC',		'CoreExC_CampusOne'				),
(	'DISTRICT_COREEXPANSIONC',		'CoreExC_HolySiteOne'			),
(	'DISTRICT_COREEXPANSIONC',		'CoreExC_CommHubOne'			),
(	'DISTRICT_COREEXPANSIONC',		'CoreExC_TheaterOne'			),
(	'DISTRICT_COREEXPANSIONC',		'CoreExC_HarborOne'				),
(	'DISTRICT_COREEXPANSIONC',		'CoreExC_HarborProdOne'			),
(	'DISTRICT_COREEXPANSIONC',		'CoreExC_IndustrialOne'			),
(	'DISTRICT_COREEXPANSIONC',		'CoreExC_AqueductOne'			),
(	'DISTRICT_COREEXPANSIONC',		'CoreExC_AcropolisOne'			),
(	'DISTRICT_COREEXPANSIONC',		'CoreExC_BathOne'				),
(	'DISTRICT_COREEXPANSIONC',		'CoreExC_HansaOne'				),
(	'DISTRICT_COREEXPANSIONC',		'CoreExC_LavraOne'				),
(	'DISTRICT_COREEXPANSIONC',		'CoreExC_RoyalNavyGoldOne'		),
(	'DISTRICT_COREEXPANSIONC',		'CoreExC_SeowonOne'				),
(	'DISTRICT_COREEXPANSIONC',		'CoreExC_SugubaOne'				),
(	'DISTRICT_COREEXPANSIONC',		'CoreExC_CothonGoldOne'			),
(	'DISTRICT_COREEXPANSIONC',		'CoreExC_CothonProdOne'			),
(	'DISTRICT_COREEXPANSIONC',		'CoreExC_RoyalNavyProdOne'		),
(	'DISTRICT_COREEXPANSIONC',		'CoreExC_Canal'					),
(	'DISTRICT_COREEXPANSIONC',		'CoreExC_Entertainment'			),
(	'DISTRICT_COREEXPANSIONC',		'CoreExC_StreetCarnival'		),
(	'DISTRICT_COREEXPANSIONC',		'CoreExC_Waterpark'				),
(	'DISTRICT_COREEXPANSIONC',		'CoreExC_Copacabana'			),
(	'DISTRICT_COREEXPANSIONC',		'CoreExC_Dam'					),
(	'DISTRICT_COREEXPANSIONC',		'CoreExC_CoreExA'				),
(	'DISTRICT_COREEXPANSIONC',		'CoreExC_CoreExB'				),
(	'DISTRICT_CAMPUS',				'Campus_CoreExC'				),
(	'DISTRICT_SEOWON',				'Seowon_CoreExC'				),
(	'DISTRICT_HOLY_SITE',			'HolySite_CoreExC'				),
(	'DISTRICT_LAVRA',				'Lavra_CoreExC'					),
(	'DISTRICT_COMMERCIAL_HUB',		'CommHub_CoreExC'				),
(	'DISTRICT_SUGUBA',				'Suguba_CoreExC'				),
(	'DISTRICT_THEATER',				'Theater_CoreExC'				),
(	'DISTRICT_ACROPOLIS',			'Acropolis_CoreExC'				),
(	'DISTRICT_HARBOR',				'Harbor_CoreExC'				),
(	'DISTRICT_ROYAL_NAVY_DOCKYARD',	'RoyalNavy_CoreExC'				),
(	'DISTRICT_COTHON',				'Cothon_CoreExC'				),
(	'DISTRICT_INDUSTRIAL_ZONE',		'Industrial_CoreExC'			),
(	'DISTRICT_HANSA',				'Hansa_CoreExC'					),
(	'DISTRICT_AQUEDUCT',			'Aqueduct_CoreExC'				),
(	'DISTRICT_BATH',				'Bath_CoreExC'					);

INSERT INTO District_TradeRouteYields
(	DistrictType,				YieldType,			YieldChangeAsOrigin,	YieldChangeAsDomesticDestination,	YieldChangeAsInternationalDestination	)	VALUES
(	'DISTRICT_COREEXPANSIONA',	'YIELD_GOLD',		'-4',					'0',								'2'										),
(	'DISTRICT_COREEXPANSIONA',	'YIELD_PRODUCTION',	'0',					'1',								'0'										),
(	'DISTRICT_COREEXPANSIONA',	'YIELD_FOOD',		'4',					'-4',								'0'										),
(	'DISTRICT_COREEXPANSIONB',	'YIELD_GOLD',		'-4',					'0',								'2'										),
(	'DISTRICT_COREEXPANSIONB',	'YIELD_PRODUCTION',	'0',					'1',								'0'										),
(	'DISTRICT_COREEXPANSIONB',	'YIELD_FOOD',		'4',					'-4',								'0'										),
(	'DISTRICT_COREEXPANSIONC',	'YIELD_GOLD',		'-4',					'0',								'2'										),
(	'DISTRICT_COREEXPANSIONC',	'YIELD_PRODUCTION',	'0',					'1',								'0'										),
(	'DISTRICT_COREEXPANSIONC',	'YIELD_FOOD',		'4',					'-4',								'0'										);

INSERT INTO District_CitizenYieldChanges
(	DistrictType,      				 YieldType,       			YieldChange			)	VALUES
(	'DISTRICT_COREEXPANSIONA',		'YIELD_PRODUCTION',			'2'					),
(	'DISTRICT_COREEXPANSIONA',		'YIELD_SCIENCE',			'1'					),
(	'DISTRICT_COREEXPANSIONA',		'YIELD_CULTURE',			'1'					),
(	'DISTRICT_COREEXPANSIONA',		'YIELD_FAITH',				'1'					),
(	'DISTRICT_COREEXPANSIONB',		'YIELD_PRODUCTION',			'2'					),
(	'DISTRICT_COREEXPANSIONB',		'YIELD_SCIENCE',			'1'					),
(	'DISTRICT_COREEXPANSIONB',		'YIELD_CULTURE',			'1'					),
(	'DISTRICT_COREEXPANSIONB',		'YIELD_FAITH',				'1'					),
(	'DISTRICT_COREEXPANSIONC',		'YIELD_PRODUCTION',			'2'					),
(	'DISTRICT_COREEXPANSIONC',		'YIELD_SCIENCE',			'1'					),
(	'DISTRICT_COREEXPANSIONC',		'YIELD_CULTURE',			'1'					),
(	'DISTRICT_COREEXPANSIONC',		'YIELD_FAITH',				'1'					);

INSERT INTO Requirements
(	RequirementId,						RequirementType,								Inverse		)	VALUES
(	'COREXA_PLOT_HAS_MINE',				'REQUIREMENT_PLOT_IMPROVEMENT_TYPE_MATCHES',		0		),
(	'COREXA_PLOT_HAS_FARM',				'REQUIREMENT_PLOT_IMPROVEMENT_TYPE_MATCHES',		0		),
(	'COREXA_PLOT_HAS_QUARRY',			'REQUIREMENT_PLOT_IMPROVEMENT_TYPE_MATCHES',		0		),
(	'COREXA_PLOT_HAS_PLANTATION',		'REQUIREMENT_PLOT_IMPROVEMENT_TYPE_MATCHES',		0		),
(	'COREXA_PLOT_HAS_CAMP',				'REQUIREMENT_PLOT_IMPROVEMENT_TYPE_MATCHES',		0		),
(	'COREXA_PLOT_HAS_PASTURE',			'REQUIREMENT_PLOT_IMPROVEMENT_TYPE_MATCHES',		0		),
(	'COREXA_PLOT_HAS_FISHING',			'REQUIREMENT_PLOT_IMPROVEMENT_TYPE_MATCHES',		0		),
(	'COREXA_PLOT_HAS_FISHERY',			'REQUIREMENT_PLOT_IMPROVEMENT_TYPE_MATCHES',		0		),
(	'COREXA_PLOT_HAS_LUMBER_MILL',		'REQUIREMENT_PLOT_IMPROVEMENT_TYPE_MATCHES',		0		),
(	'COREXB_PLOT_HAS_MINE',				'REQUIREMENT_PLOT_IMPROVEMENT_TYPE_MATCHES',		0		),
(	'COREXB_PLOT_HAS_FARM',				'REQUIREMENT_PLOT_IMPROVEMENT_TYPE_MATCHES',		0		),
(	'COREXB_PLOT_HAS_QUARRY',			'REQUIREMENT_PLOT_IMPROVEMENT_TYPE_MATCHES',		0		),
(	'COREXB_PLOT_HAS_PLANTATION',		'REQUIREMENT_PLOT_IMPROVEMENT_TYPE_MATCHES',		0		),
(	'COREXB_PLOT_HAS_CAMP',				'REQUIREMENT_PLOT_IMPROVEMENT_TYPE_MATCHES',		0		),
(	'COREXB_PLOT_HAS_PASTURE',			'REQUIREMENT_PLOT_IMPROVEMENT_TYPE_MATCHES',		0		),
(	'COREXB_PLOT_HAS_FISHING',			'REQUIREMENT_PLOT_IMPROVEMENT_TYPE_MATCHES',		0		),
(	'COREXB_PLOT_HAS_FISHERY',			'REQUIREMENT_PLOT_IMPROVEMENT_TYPE_MATCHES',		0		),
(	'COREXB_PLOT_HAS_LUMBER_MILL',		'REQUIREMENT_PLOT_IMPROVEMENT_TYPE_MATCHES',		0		),
(	'COREXC_PLOT_HAS_MINE',				'REQUIREMENT_PLOT_IMPROVEMENT_TYPE_MATCHES',		0		),
(	'COREXC_PLOT_HAS_FARM',				'REQUIREMENT_PLOT_IMPROVEMENT_TYPE_MATCHES',		0		),
(	'COREXC_PLOT_HAS_QUARRY',			'REQUIREMENT_PLOT_IMPROVEMENT_TYPE_MATCHES',		0		),
(	'COREXC_PLOT_HAS_PLANTATION',		'REQUIREMENT_PLOT_IMPROVEMENT_TYPE_MATCHES',		0		),
(	'COREXC_PLOT_HAS_CAMP',				'REQUIREMENT_PLOT_IMPROVEMENT_TYPE_MATCHES',		0		),
(	'COREXC_PLOT_HAS_PASTURE',			'REQUIREMENT_PLOT_IMPROVEMENT_TYPE_MATCHES',		0		),
(	'COREXC_PLOT_HAS_FISHING',			'REQUIREMENT_PLOT_IMPROVEMENT_TYPE_MATCHES',		0		),
(	'COREXC_PLOT_HAS_FISHERY',			'REQUIREMENT_PLOT_IMPROVEMENT_TYPE_MATCHES',		0		),
(	'COREXC_PLOT_HAS_LUMBER_MILL',		'REQUIREMENT_PLOT_IMPROVEMENT_TYPE_MATCHES',		0		),
(	'COREXB_CITY_HAS_DIS_ENCAMP',		'REQUIREMENT_CITY_HAS_DISTRICT',					0		),
(	'COREXB_CITY_HAS_DIS_IKAND',		'REQUIREMENT_CITY_HAS_DISTRICT',					0		),
(	'COREXB_CITY_HAS_DIS_HARB',			'REQUIREMENT_CITY_HAS_DISTRICT',					0		),
(	'COREXB_CITY_HAS_DIS_ROYAL',		'REQUIREMENT_CITY_HAS_DISTRICT',					0		),
(	'COREXB_CITY_HAS_DIS_COTH',			'REQUIREMENT_CITY_HAS_DISTRICT',					0		),
(	'COREXB_CITY_HAS_DIS_INDUS',		'REQUIREMENT_CITY_HAS_DISTRICT',					0		),
(	'COREXB_CITY_HAS_DIS_HANS',			'REQUIREMENT_CITY_HAS_DISTRICT',					0		),
(	'COREXB_CITY_HAS_DIS_COMMER',		'REQUIREMENT_CITY_HAS_DISTRICT',					0		),
(	'COREXB_CITY_HAS_DIS_SUGUB',		'REQUIREMENT_CITY_HAS_DISTRICT',					0		),
(	'COREXB_CITY_HAS_DIS_HOLY',			'REQUIREMENT_CITY_HAS_DISTRICT',					0		),
(	'COREXB_CITY_HAS_DIS_LAVRA',		'REQUIREMENT_CITY_HAS_DISTRICT',					0		),
(	'COREXB_CITY_HAS_DIS_CAMPUS',		'REQUIREMENT_CITY_HAS_DISTRICT',					0		),
(	'COREXB_CITY_HAS_DIS_SEON',			'REQUIREMENT_CITY_HAS_DISTRICT',					0		),
(	'COREXB_CITY_HAS_DIS_CULT_1',		'REQUIREMENT_CITY_HAS_DISTRICT',					0		),
(	'COREXB_CITY_HAS_DIS_ACROP_1',		'REQUIREMENT_CITY_HAS_DISTRICT',					0		),
(	'COREXA_CITY_HAS_DIS_COREA',		'REQUIREMENT_CITY_HAS_DISTRICT',					0		),
(	'COREXA_CITY_HAS_DIS_COREB',		'REQUIREMENT_CITY_HAS_DISTRICT',					0		),
(	'COREXA_CITY_HAS_DIS_COREC',		'REQUIREMENT_CITY_HAS_DISTRICT',					0		),
(	'COREXA_PLOT_HAS_PARK',				'REQUIREMENT_PLOT_IMPROVEMENT_TYPE_MATCHES',		0		),
(	'COREXA_PLOT_HAS_GEO_PLANT',		'REQUIREMENT_PLOT_IMPROVEMENT_TYPE_MATCHES',		0		),
(	'COREXA_PLOT_HAS_WIND_FARM',		'REQUIREMENT_PLOT_IMPROVEMENT_TYPE_MATCHES',		0		),
(	'COREXA_PLOT_HAS_SOLAR_FARM',		'REQUIREMENT_PLOT_IMPROVEMENT_TYPE_MATCHES',		0		),
(	'COREXA_PLOT_HAS_OFFSHORE_WIND',	'REQUIREMENT_PLOT_IMPROVEMENT_TYPE_MATCHES',		0		),
(	'COREXA_CITY_HAS_NAT_PARK',			'REQUIREMENT_CITY_HAS_NATIONAL_PARK',				0		);

INSERT INTO RequirementArguments 
(	RequirementId,						Name,				Value								)	VALUES
(	'COREXA_PLOT_HAS_MINE',				'ImprovementType',	'IMPROVEMENT_MINE'					),
(	'COREXA_PLOT_HAS_FARM',				'ImprovementType',	'IMPROVEMENT_FARM'					),
(	'COREXA_PLOT_HAS_QUARRY',			'ImprovementType',	'IMPROVEMENT_QUARRY'				),
(	'COREXA_PLOT_HAS_PLANTATION',		'ImprovementType',	'IMPROVEMENT_PLANTATION'			),
(	'COREXA_PLOT_HAS_CAMP',				'ImprovementType',	'IMPROVEMENT_CAMP'					),
(	'COREXA_PLOT_HAS_PASTURE',			'ImprovementType',	'IMPROVEMENT_PASTURE'				),
(	'COREXA_PLOT_HAS_FISHING',			'ImprovementType',	'IMPROVEMENT_FISHING_BOATS'			),
(	'COREXA_PLOT_HAS_FISHERY',			'ImprovementType',	'IMPROVEMENT_FISHERY'				),
(	'COREXA_PLOT_HAS_LUMBER_MILL',		'ImprovementType',	'IMPROVEMENT_LUMBER_MILL'			),
(	'COREXB_PLOT_HAS_MINE',				'ImprovementType',	'IMPROVEMENT_MINE'					),
(	'COREXB_PLOT_HAS_FARM',				'ImprovementType',	'IMPROVEMENT_FARM'					),
(	'COREXB_PLOT_HAS_QUARRY',			'ImprovementType',	'IMPROVEMENT_QUARRY'				),
(	'COREXB_PLOT_HAS_PLANTATION',		'ImprovementType',	'IMPROVEMENT_PLANTATION'			),
(	'COREXB_PLOT_HAS_CAMP',				'ImprovementType',	'IMPROVEMENT_CAMP'					),
(	'COREXB_PLOT_HAS_PASTURE',			'ImprovementType',	'IMPROVEMENT_PASTURE'				),
(	'COREXB_PLOT_HAS_FISHING',			'ImprovementType',	'IMPROVEMENT_FISHING_BOATS'			),
(	'COREXB_PLOT_HAS_FISHERY',			'ImprovementType',	'IMPROVEMENT_FISHERY'				),
(	'COREXB_PLOT_HAS_LUMBER_MILL',		'ImprovementType',	'IMPROVEMENT_LUMBER_MILL'			),
(	'COREXC_PLOT_HAS_MINE',				'ImprovementType',	'IMPROVEMENT_MINE'					),
(	'COREXC_PLOT_HAS_FARM',				'ImprovementType',	'IMPROVEMENT_FARM'					),
(	'COREXC_PLOT_HAS_QUARRY',			'ImprovementType',	'IMPROVEMENT_QUARRY'				),
(	'COREXC_PLOT_HAS_PLANTATION',		'ImprovementType',	'IMPROVEMENT_PLANTATION'			),
(	'COREXC_PLOT_HAS_CAMP',				'ImprovementType',	'IMPROVEMENT_CAMP'					),
(	'COREXC_PLOT_HAS_PASTURE',			'ImprovementType',	'IMPROVEMENT_PASTURE'				),
(	'COREXC_PLOT_HAS_FISHING',			'ImprovementType',	'IMPROVEMENT_FISHING_BOATS'			),
(	'COREXC_PLOT_HAS_FISHERY',			'ImprovementType',	'IMPROVEMENT_FISHERY'				),
(	'COREXC_PLOT_HAS_LUMBER_MILL',		'ImprovementType',	'IMPROVEMENT_LUMBER_MILL'			),
(	'COREXB_CITY_HAS_DIS_ENCAMP',		'DistrictType',		'DISTRICT_ENCAMPMENT'				),
(	'COREXB_CITY_HAS_DIS_IKAND',		'DistrictType',		'DISTRICT_IKANDA'					),
(	'COREXB_CITY_HAS_DIS_HARB',			'DistrictType',		'DISTRICT_HARBOR'					),
(	'COREXB_CITY_HAS_DIS_ROYAL',		'DistrictType',		'DISTRICT_ROYAL_NAVY_DOCKYARD'		),
(	'COREXB_CITY_HAS_DIS_COTH',			'DistrictType',		'DISTRICT_COTHON'					),
(	'COREXB_CITY_HAS_DIS_INDUS',		'DistrictType',		'DISTRICT_INDUSTRIAL_ZONE'			),
(	'COREXB_CITY_HAS_DIS_HANS',			'DistrictType',		'DISTRICT_HANSA'					),
(	'COREXB_CITY_HAS_DIS_COMMER',		'DistrictType',		'DISTRICT_COMMERCIAL_HUB'			),
(	'COREXB_CITY_HAS_DIS_SUGUB',		'DistrictType',		'DISTRICT_SUGUBA'					),
(	'COREXB_CITY_HAS_DIS_HOLY',			'DistrictType',		'DISTRICT_HOLY_SITE'				),
(	'COREXB_CITY_HAS_DIS_LAVRA',		'DistrictType',		'DISTRICT_LAVRA'					),
(	'COREXB_CITY_HAS_DIS_CAMPUS',		'DistrictType',		'DISTRICT_CAMPUS'					),
(	'COREXB_CITY_HAS_DIS_SEON',			'DistrictType',		'DISTRICT_SEOWON'					),
(	'COREXB_CITY_HAS_DIS_CULT_1',		'DistrictType',		'DISTRICT_THEATER'					),
(	'COREXB_CITY_HAS_DIS_ACROP_1',		'DistrictType',		'DISTRICT_ACROPOLIS'				),
(	'COREXA_CITY_HAS_DIS_COREA',		'DistrictType',		'DISTRICT_COREEXPANSIONA'			),
(	'COREXA_CITY_HAS_DIS_COREB',		'DistrictType',		'DISTRICT_COREEXPANSIONB'			),
(	'COREXA_CITY_HAS_DIS_COREC',		'DistrictType',		'DISTRICT_COREEXPANSIONC'			),
(	'COREXA_PLOT_HAS_PARK',				'ImprovementType',	'IMPROVEMENT_CITY_PARK'				),
(	'COREXA_PLOT_HAS_GEO_PLANT',		'ImprovementType',	'IMPROVEMENT_GEOTHERMAL_PLANT'		),
(	'COREXA_PLOT_HAS_WIND_FARM',		'ImprovementType',	'IMPROVEMENT_WIND_FARM'				),
(	'COREXA_PLOT_HAS_SOLAR_FARM',		'ImprovementType',	'IMPROVEMENT_SOLAR_FARM'			),
(	'COREXA_PLOT_HAS_OFFSHORE_WIND',	'ImprovementType',	'IMPROVEMENT_OFFSHORE_WIND_FARM'	);

INSERT INTO RequirementSets 
(	RequirementSetId,						RequirementSetType			)	VALUES
(	'COREXA_SET_PLOT_HAS_MINE',				'REQUIREMENTSET_TEST_ALL'	),
(	'COREXA_SET_PLOT_HAS_FARM',				'REQUIREMENTSET_TEST_ALL'	),
(	'COREXA_SET_PLOT_HAS_QUARRY',			'REQUIREMENTSET_TEST_ALL'	),
(	'COREXA_SET_PLOT_HAS_PLANTATION',		'REQUIREMENTSET_TEST_ALL'	),
(	'COREXA_SET_PLOT_HAS_CAMP',				'REQUIREMENTSET_TEST_ALL'	),
(	'COREXA_SET_PLOT_HAS_PASTURE',			'REQUIREMENTSET_TEST_ALL'	),
(	'COREXA_SET_PLOT_HAS_FISHING',			'REQUIREMENTSET_TEST_ALL'	),
(	'COREXA_SET_PLOT_HAS_FISHERY',			'REQUIREMENTSET_TEST_ALL'	),
(	'COREXA_SET_PLOT_HAS_LUMBER_MILL',		'REQUIREMENTSET_TEST_ALL'	),
(	'COREXB_SET_PLOT_HAS_MINE',				'REQUIREMENTSET_TEST_ALL'	),
(	'COREXB_SET_PLOT_HAS_FARM',				'REQUIREMENTSET_TEST_ALL'	),
(	'COREXB_SET_PLOT_HAS_QUARRY',			'REQUIREMENTSET_TEST_ALL'	),
(	'COREXB_SET_PLOT_HAS_PLANTATION',		'REQUIREMENTSET_TEST_ALL'	),
(	'COREXB_SET_PLOT_HAS_CAMP',				'REQUIREMENTSET_TEST_ALL'	),
(	'COREXB_SET_PLOT_HAS_PASTURE',			'REQUIREMENTSET_TEST_ALL'	),
(	'COREXB_SET_PLOT_HAS_FISHING',			'REQUIREMENTSET_TEST_ALL'	),
(	'COREXB_SET_PLOT_HAS_FISHERY',			'REQUIREMENTSET_TEST_ALL'	),
(	'COREXB_SET_PLOT_HAS_LUMBER_MILL',		'REQUIREMENTSET_TEST_ALL'	),
(	'COREXC_SET_PLOT_HAS_MINE',				'REQUIREMENTSET_TEST_ALL'	),
(	'COREXC_SET_PLOT_HAS_FARM',				'REQUIREMENTSET_TEST_ALL'	),
(	'COREXC_SET_PLOT_HAS_QUARRY',			'REQUIREMENTSET_TEST_ALL'	),
(	'COREXC_SET_PLOT_HAS_PLANTATION',		'REQUIREMENTSET_TEST_ALL'	),
(	'COREXC_SET_PLOT_HAS_CAMP',				'REQUIREMENTSET_TEST_ALL'	),
(	'COREXC_SET_PLOT_HAS_PASTURE',			'REQUIREMENTSET_TEST_ALL'	),
(	'COREXC_SET_PLOT_HAS_FISHING',			'REQUIREMENTSET_TEST_ALL'	),
(	'COREXC_SET_PLOT_HAS_FISHERY',			'REQUIREMENTSET_TEST_ALL'	),
(	'COREXC_SET_PLOT_HAS_LUMBER_MILL',		'REQUIREMENTSET_TEST_ALL'	),
(	'COREXA_SET_CITY_HAS_DIS_ENCAMP',		'REQUIREMENTSET_TEST_ANY'	),
(	'COREXA_SET_CITY_HAS_DIS_HARB',			'REQUIREMENTSET_TEST_ANY'	),
(	'COREXA_SET_CITY_HAS_DIS_INDUS',		'REQUIREMENTSET_TEST_ANY'	),
(	'COREXA_SET_CITY_HAS_DIS_COMMER',		'REQUIREMENTSET_TEST_ANY'	),
(	'COREXA_SET_CITY_HAS_DIS_HOLY',			'REQUIREMENTSET_TEST_ANY'	),
(	'COREXA_SET_CITY_HAS_DIS_CAMPUS',		'REQUIREMENTSET_TEST_ANY'	),
(	'COREXA_SET_CITY_HAS_DIS_CULT_1',		'REQUIREMENTSET_TEST_ANY'	),
(	'COREXA_SET_CITY_HAS_DIS_COREA',		'REQUIREMENTSET_TEST_ALL'	),
(	'COREXA_SET_CITY_HAS_DIS_COREB',		'REQUIREMENTSET_TEST_ALL'	),
(	'COREXA_SET_CITY_HAS_DIS_COREC',		'REQUIREMENTSET_TEST_ALL'	),
(	'COREXA_SET_PLOT_HAS_PARK',				'REQUIREMENTSET_TEST_ALL'	),
(	'COREXA_SET_PLOT_HAS_GEO_PLANT',		'REQUIREMENTSET_TEST_ALL'	),
(	'COREXA_SET_PLOT_HAS_WIND_FARM',		'REQUIREMENTSET_TEST_ALL'	),
(	'COREXA_SET_PLOT_HAS_SOLAR_FARM',		'REQUIREMENTSET_TEST_ALL'	),
(	'COREXA_SET_PLOT_HAS_OFFSHORE_WIND',	'REQUIREMENTSET_TEST_ALL'	),
(	'COREXA_SET_CITY_HAS_NAT_PARK',			'REQUIREMENTSET_TEST_ALL'	);

INSERT INTO RequirementSetRequirements
(	RequirementSetId,						RequirementId					)	VALUES
(	'COREXA_SET_PLOT_HAS_MINE',				'COREXA_PLOT_HAS_MINE'			),
(	'COREXA_SET_PLOT_HAS_FARM',				'COREXA_PLOT_HAS_FARM'			),
(	'COREXA_SET_PLOT_HAS_QUARRY',			'COREXA_PLOT_HAS_QUARRY'		),
(	'COREXA_SET_PLOT_HAS_PLANTATION',		'COREXA_PLOT_HAS_PLANTATION'	),
(	'COREXA_SET_PLOT_HAS_CAMP',				'COREXA_PLOT_HAS_CAMP'			),
(	'COREXA_SET_PLOT_HAS_PASTURE',			'COREXA_PLOT_HAS_PASTURE'		),
(	'COREXA_SET_PLOT_HAS_FISHING',			'COREXA_PLOT_HAS_FISHING'		),
(	'COREXA_SET_PLOT_HAS_FISHERY',			'COREXA_PLOT_HAS_FISHERY'		),
(	'COREXA_SET_PLOT_HAS_LUMBER_MILL',		'COREXA_PLOT_HAS_LUMBER_MILL'	),
(	'COREXB_SET_PLOT_HAS_MINE',				'COREXB_PLOT_HAS_MINE'			),
(	'COREXB_SET_PLOT_HAS_FARM',				'COREXB_PLOT_HAS_FARM'			),
(	'COREXB_SET_PLOT_HAS_QUARRY',			'COREXB_PLOT_HAS_QUARRY'		),
(	'COREXB_SET_PLOT_HAS_PLANTATION',		'COREXB_PLOT_HAS_PLANTATION'	),
(	'COREXB_SET_PLOT_HAS_CAMP',				'COREXB_PLOT_HAS_CAMP'			),
(	'COREXB_SET_PLOT_HAS_PASTURE',			'COREXB_PLOT_HAS_PASTURE'		),
(	'COREXB_SET_PLOT_HAS_FISHING',			'COREXB_PLOT_HAS_FISHING'		),
(	'COREXB_SET_PLOT_HAS_FISHERY',			'COREXB_PLOT_HAS_FISHERY'		),
(	'COREXB_SET_PLOT_HAS_LUMBER_MILL',		'COREXB_PLOT_HAS_LUMBER_MILL'	),
(	'COREXC_SET_PLOT_HAS_MINE',				'COREXC_PLOT_HAS_MINE'			),
(	'COREXC_SET_PLOT_HAS_FARM',				'COREXC_PLOT_HAS_FARM'			),
(	'COREXC_SET_PLOT_HAS_QUARRY',			'COREXC_PLOT_HAS_QUARRY'		),
(	'COREXC_SET_PLOT_HAS_PLANTATION',		'COREXC_PLOT_HAS_PLANTATION'	),
(	'COREXC_SET_PLOT_HAS_CAMP',				'COREXC_PLOT_HAS_CAMP'			),
(	'COREXC_SET_PLOT_HAS_PASTURE',			'COREXC_PLOT_HAS_PASTURE'		),
(	'COREXC_SET_PLOT_HAS_FISHING',			'COREXC_PLOT_HAS_FISHING'		),
(	'COREXC_SET_PLOT_HAS_FISHERY',			'COREXC_PLOT_HAS_FISHERY'		),
(	'COREXC_SET_PLOT_HAS_LUMBER_MILL',		'COREXC_PLOT_HAS_LUMBER_MILL'	),
(	'COREXA_SET_CITY_HAS_DIS_ENCAMP',		'COREXB_CITY_HAS_DIS_ENCAMP'	),
(	'COREXA_SET_CITY_HAS_DIS_ENCAMP',		'COREXB_CITY_HAS_DIS_IKAND'		),
(	'COREXA_SET_CITY_HAS_DIS_HARB',			'COREXB_CITY_HAS_DIS_HARB'		),
(	'COREXA_SET_CITY_HAS_DIS_HARB',			'COREXB_CITY_HAS_DIS_ROYAL'		),
(	'COREXA_SET_CITY_HAS_DIS_HARB',			'COREXB_CITY_HAS_DIS_COTH'		),
(	'COREXA_SET_CITY_HAS_DIS_INDUS',		'COREXB_CITY_HAS_DIS_INDUS'		),
(	'COREXA_SET_CITY_HAS_DIS_INDUS',		'COREXB_CITY_HAS_DIS_HANS'		),
(	'COREXA_SET_CITY_HAS_DIS_COMMER',		'COREXB_CITY_HAS_DIS_COMMER'	),
(	'COREXA_SET_CITY_HAS_DIS_COMMER',		'COREXB_CITY_HAS_DIS_SUGUB'		),
(	'COREXA_SET_CITY_HAS_DIS_HOLY',			'COREXB_CITY_HAS_DIS_HOLY'		),
(	'COREXA_SET_CITY_HAS_DIS_HOLY',			'COREXB_CITY_HAS_DIS_LAVRA'		),
(	'COREXA_SET_CITY_HAS_DIS_CAMPUS',		'COREXB_CITY_HAS_DIS_CAMPUS'	),
(	'COREXA_SET_CITY_HAS_DIS_CAMPUS',		'COREXB_CITY_HAS_DIS_SEON'		),
(	'COREXA_SET_CITY_HAS_DIS_CULT_1',		'COREXB_CITY_HAS_DIS_CULT_1'	),
(	'COREXA_SET_CITY_HAS_DIS_CULT_1',		'COREXB_CITY_HAS_DIS_ACROP_1'	),
(	'COREXA_SET_CITY_HAS_DIS_COREA',		'COREXA_CITY_HAS_DIS_COREA'		),
(	'COREXA_SET_CITY_HAS_DIS_COREB',		'COREXA_CITY_HAS_DIS_COREB'		),
(	'COREXA_SET_CITY_HAS_DIS_COREC',		'COREXA_CITY_HAS_DIS_COREC'		),
(	'COREXA_SET_PLOT_HAS_PARK',				'COREXA_PLOT_HAS_PARK'			),
(	'COREXA_SET_PLOT_HAS_GEO_PLANT',		'COREXA_PLOT_HAS_GEO_PLANT'		),
(	'COREXA_SET_PLOT_HAS_WIND_FARM',		'COREXA_PLOT_HAS_WIND_FARM'		),
(	'COREXA_SET_PLOT_HAS_SOLAR_FARM',		'COREXA_PLOT_HAS_SOLAR_FARM'	),
(	'COREXA_SET_PLOT_HAS_OFFSHORE_WIND',	'COREXA_PLOT_HAS_OFFSHORE_WIND'	),
(	'COREXA_SET_CITY_HAS_NAT_PARK',			'COREXA_CITY_HAS_NAT_PARK'		);

INSERT INTO Modifiers 
(	ModifierId,										ModifierType,									 				RunOnce,	Permanent,	OwnerRequirementSetId,	SubjectRequirementSetId					)	VALUES
(	'CORXA_PLOT_MINE_YIELD',						'MODIFIER_CITY_PLOT_YIELDS_ADJUST_PLOT_YIELD',					 0,			0,			NULL,					'COREXA_SET_PLOT_HAS_MINE'				),
(	'CORXA_PLOT_FARM_YIELD',						'MODIFIER_CITY_PLOT_YIELDS_ADJUST_PLOT_YIELD',					 0,			0,			NULL,					'COREXA_SET_PLOT_HAS_FARM'				),
(	'CORXA_PLOT_FARM_QUARRY',						'MODIFIER_CITY_PLOT_YIELDS_ADJUST_PLOT_YIELD',					 0,			0,			NULL,					'COREXA_SET_PLOT_HAS_QUARRY'			),
(	'CORXA_PLOT_FARM_PLANTATION',					'MODIFIER_CITY_PLOT_YIELDS_ADJUST_PLOT_YIELD',					 0,			0,			NULL,					'COREXA_SET_PLOT_HAS_PLANTATION'		),
(	'CORXA_PLOT_FARM_CAMP',							'MODIFIER_CITY_PLOT_YIELDS_ADJUST_PLOT_YIELD',					 0,			0,			NULL,					'COREXA_SET_PLOT_HAS_CAMP'				),	
(	'CORXA_PLOT_FARM_PASTURE',						'MODIFIER_CITY_PLOT_YIELDS_ADJUST_PLOT_YIELD',					 0,			0,			NULL,					'COREXA_SET_PLOT_HAS_PASTURE'			),
(	'CORXA_PLOT_FARM_FISHING',						'MODIFIER_CITY_PLOT_YIELDS_ADJUST_PLOT_YIELD',					 0,			0,			NULL,					'COREXA_SET_PLOT_HAS_FISHING'			),
(	'CORXA_PLOT_FARM_FISHERY',						'MODIFIER_CITY_PLOT_YIELDS_ADJUST_PLOT_YIELD',					 0,			0,			NULL,					'COREXA_SET_PLOT_HAS_FISHERY'			),
(	'CORXA_PLOT_LUMBER_MILL',						'MODIFIER_CITY_PLOT_YIELDS_ADJUST_PLOT_YIELD',					 0,			0,			NULL,					'COREXA_SET_PLOT_HAS_LUMBER_MILL'		),
(	'CORXA_PROD_PER_POPULATION',					'MODIFIER_SINGLE_CITY_ADJUST_CITY_YIELD_PER_POPULATION',		 0,			0,			NULL,					NULL									),
(	'CORXA_CITY_INNER_DEFENSE',						'MODIFIER_PLAYER_CITIES_ADJUST_INNER_DEFENSE',					 0,			0,			NULL,					NULL									),
(	'CORXA_CITY_PROD_MILITARY',						'MODIFIER_PLAYER_CITIES_ADJUST_MILITARY_UNITS_PRODUCTION',		 0,			0,			NULL,					NULL									),
(	'CORXB_PLOT_MINE_YIELD',						'MODIFIER_CITY_PLOT_YIELDS_ADJUST_PLOT_YIELD',					 0,			0,			NULL,					'COREXB_SET_PLOT_HAS_MINE'				),
(	'CORXB_PLOT_FARM_YIELD',						'MODIFIER_CITY_PLOT_YIELDS_ADJUST_PLOT_YIELD',					 0,			0,			NULL,					'COREXB_SET_PLOT_HAS_FARM'				),
(	'CORXB_PLOT_FARM_QUARRY',						'MODIFIER_CITY_PLOT_YIELDS_ADJUST_PLOT_YIELD',					 0,			0,			NULL,					'COREXB_SET_PLOT_HAS_QUARRY'			),
(	'CORXB_PLOT_FARM_PLANTATION',					'MODIFIER_CITY_PLOT_YIELDS_ADJUST_PLOT_YIELD',					 0,			0,			NULL,					'COREXB_SET_PLOT_HAS_PLANTATION'		),
(	'CORXB_PLOT_FARM_CAMP',							'MODIFIER_CITY_PLOT_YIELDS_ADJUST_PLOT_YIELD',					 0,			0,			NULL,					'COREXB_SET_PLOT_HAS_CAMP'				),	
(	'CORXB_PLOT_FARM_PASTURE',						'MODIFIER_CITY_PLOT_YIELDS_ADJUST_PLOT_YIELD',					 0,			0,			NULL,					'COREXB_SET_PLOT_HAS_PASTURE'			),
(	'CORXB_PLOT_FARM_FISHING',						'MODIFIER_CITY_PLOT_YIELDS_ADJUST_PLOT_YIELD',					 0,			0,			NULL,					'COREXB_SET_PLOT_HAS_FISHING'			),
(	'CORXB_PLOT_FARM_FISHERY',						'MODIFIER_CITY_PLOT_YIELDS_ADJUST_PLOT_YIELD',					 0,			0,			NULL,					'COREXB_SET_PLOT_HAS_FISHERY'			),
(	'CORXB_PLOT_LUMBER_MILL',						'MODIFIER_CITY_PLOT_YIELDS_ADJUST_PLOT_YIELD',					 0,			0,			NULL,					'COREXB_SET_PLOT_HAS_LUMBER_MILL'		),
(	'CORXB_PROD_PER_POPULATION',					'MODIFIER_SINGLE_CITY_ADJUST_CITY_YIELD_PER_POPULATION',		 0,			0,			NULL,					NULL									),
(	'CORXB_CITY_INNER_DEFENSE',						'MODIFIER_PLAYER_CITIES_ADJUST_INNER_DEFENSE',					 0,			0,			NULL,					NULL									),
(	'CORXB_CITY_PROD_MILITARY',						'MODIFIER_PLAYER_CITIES_ADJUST_MILITARY_UNITS_PRODUCTION',		 0,			0,			NULL,					NULL									),
(	'CORXC_PLOT_MINE_YIELD',						'MODIFIER_CITY_PLOT_YIELDS_ADJUST_PLOT_YIELD',					 0,			0,			NULL,					'COREXC_SET_PLOT_HAS_MINE'				),
(	'CORXC_PLOT_FARM_YIELD',						'MODIFIER_CITY_PLOT_YIELDS_ADJUST_PLOT_YIELD',					 0,			0,			NULL,					'COREXC_SET_PLOT_HAS_FARM'				),
(	'CORXC_PLOT_FARM_QUARRY',						'MODIFIER_CITY_PLOT_YIELDS_ADJUST_PLOT_YIELD',					 0,			0,			NULL,					'COREXC_SET_PLOT_HAS_QUARRY'			),
(	'CORXC_PLOT_FARM_PLANTATION',					'MODIFIER_CITY_PLOT_YIELDS_ADJUST_PLOT_YIELD',					 0,			0,			NULL,					'COREXC_SET_PLOT_HAS_PLANTATION'		),
(	'CORXC_PLOT_FARM_CAMP',							'MODIFIER_CITY_PLOT_YIELDS_ADJUST_PLOT_YIELD',					 0,			0,			NULL,					'COREXC_SET_PLOT_HAS_CAMP'				),	
(	'CORXC_PLOT_FARM_PASTURE',						'MODIFIER_CITY_PLOT_YIELDS_ADJUST_PLOT_YIELD',					 0,			0,			NULL,					'COREXC_SET_PLOT_HAS_PASTURE'			),
(	'CORXC_PLOT_FARM_FISHING',						'MODIFIER_CITY_PLOT_YIELDS_ADJUST_PLOT_YIELD',					 0,			0,			NULL,					'COREXC_SET_PLOT_HAS_FISHING'			),
(	'CORXC_PLOT_FARM_FISHERY',						'MODIFIER_CITY_PLOT_YIELDS_ADJUST_PLOT_YIELD',					 0,			0,			NULL,					'COREXC_SET_PLOT_HAS_FISHERY'			),
(	'CORXC_PLOT_LUMBER_MILL',						'MODIFIER_CITY_PLOT_YIELDS_ADJUST_PLOT_YIELD',					 0,			0,			NULL,					'COREXC_SET_PLOT_HAS_LUMBER_MILL'		),
(	'CORXC_PROD_PER_POPULATION',					'MODIFIER_SINGLE_CITY_ADJUST_CITY_YIELD_PER_POPULATION',		 0,			0,			NULL,					NULL									),
(	'CORXC_CITY_INNER_DEFENSE',						'MODIFIER_PLAYER_CITIES_ADJUST_INNER_DEFENSE',			    	 0,			0,			NULL,					NULL									),
(	'CORXC_CITY_PROD_MILITARY',						'MODIFIER_PLAYER_CITIES_ADJUST_MILITARY_UNITS_PRODUCTION',		 0,			0,			NULL,					NULL									),
(	'BUILDING_COREXA_TIER1_SCI_YIELD',				'MODIFIER_SINGLE_CITY_ADJUST_CITY_YIELD_MODIFIER',				 0,			0,			NULL,					NULL									),
(	'BUILDING_COREXA_TIER1_CUL_YIELD',				'MODIFIER_SINGLE_CITY_ADJUST_CITY_YIELD_MODIFIER',				 0,			0,			NULL,					NULL									),
(	'BUILDING_COREXA_TIER1_FAI_YIELD',				'MODIFIER_SINGLE_CITY_ADJUST_CITY_YIELD_MODIFIER',				 0,			0,			NULL,					NULL									),
(	'BUILDING_COREXA_TIER2_EXTRA_DIST',				'MODIFIER_SINGLE_CITY_EXTRA_DISTRICT',							 0,			0,			NULL,					NULL									),
(	'BUILDING_COREXA_TIER2_PROD_DIST',				'MODIFIER_SINGLE_CITY_ADJUST_DISTRICT_PRODUCTION_MODIFIER',		 0,			0,			NULL,					NULL									),
(	'BUILDING_COREXA_TIER2_EXTRA_TRD_CRA_1',		'MODIFIER_PLAYER_ADJUST_TRADE_ROUTE_CAPACITY',			   		 0,			0,			NULL,					'COREXA_SET_CITY_HAS_DIS_COREA'			),
(	'BUILDING_COREXA_TIER2_EXTRA_TRD_CRB_1',		'MODIFIER_PLAYER_ADJUST_TRADE_ROUTE_CAPACITY',			   		 0,			0,			NULL,					'COREXA_SET_CITY_HAS_DIS_COREB'			),
(	'BUILDING_COREXA_TIER2_EXTRA_TRD_CRC_1',		'MODIFIER_PLAYER_ADJUST_TRADE_ROUTE_CAPACITY',			   		 0,			0,			NULL,					'COREXA_SET_CITY_HAS_DIS_COREC'			),
(	'BUILDING_COREXA_TIER3_TOUR_SCULP',				'MODIFIER_SINGLE_CITY_ADJUST_TOURISM',							 0,			0,			NULL,					NULL									),
(	'BUILDING_COREXA_TIER3_TOUR_PORT',				'MODIFIER_SINGLE_CITY_ADJUST_TOURISM',							 0,			0,			NULL,					NULL									),
(	'BUILDING_COREXA_TIER3_TOUR_LAND',				'MODIFIER_SINGLE_CITY_ADJUST_TOURISM',							 0,			0,			NULL,					NULL									),
(	'BUILDING_COREXA_TIER3_TOUR_WRIT',				'MODIFIER_SINGLE_CITY_ADJUST_TOURISM',							 0,			0,			NULL,					NULL									),
(	'BUILDING_COREXA_TIER3_TOUR_MUSC',				'MODIFIER_SINGLE_CITY_ADJUST_TOURISM',							 0,			0,			NULL,					NULL									),
(	'BUILDING_COREXA_TIER3_TOUR_RELG',				'MODIFIER_SINGLE_CITY_ADJUST_TOURISM',							 0,			0,			NULL,					NULL									),
(	'BUILDING_COREXA_TIER3_PARK_GOLD',				'MODIFIER_SINGLE_CITY_ADJUST_CITY_YIELD_MODIFIER',		   		 0,			0,			NULL,					'COREXA_SET_CITY_HAS_NAT_PARK'			),
(	'BUILDING_COREXA_TIER3_CITY_PARK_CULT',			'MODIFIER_CITY_PLOT_YIELDS_ADJUST_PLOT_YIELD',	 				 0,			0,			NULL,					'COREXA_SET_PLOT_HAS_PARK'				),
(	'BUILDING_COREXA_TIER3_CITY_PARK_GOLD',			'MODIFIER_CITY_PLOT_YIELDS_ADJUST_PLOT_YIELD',					 0,			0,			NULL,					'COREXA_SET_PLOT_HAS_PARK'				),
(	'BUILDING_COREXA_TIER3_GP_POINTS_GEN',			'MODIFIER_SINGLE_CITY_DISTRICTS_ADJUST_GREAT_PERSON_POINTS',	 0,			0,			NULL,					'COREXA_SET_CITY_HAS_DIS_ENCAMP'		),
(	'BUILDING_COREXA_TIER3_GP_POINTS_ADM',			'MODIFIER_SINGLE_CITY_DISTRICTS_ADJUST_GREAT_PERSON_POINTS',	 0,			0,			NULL,					'COREXA_SET_CITY_HAS_DIS_HARB'			),
(	'BUILDING_COREXA_TIER3_GP_POINTS_EGN',			'MODIFIER_SINGLE_CITY_DISTRICTS_ADJUST_GREAT_PERSON_POINTS',	 0,			0,			NULL,					'COREXA_SET_CITY_HAS_DIS_INDUS'			),
(	'BUILDING_COREXA_TIER3_GP_POINTS_MER',			'MODIFIER_SINGLE_CITY_DISTRICTS_ADJUST_GREAT_PERSON_POINTS',	 0,			0,			NULL,					'COREXA_SET_CITY_HAS_DIS_COMMER'		),
(	'BUILDING_COREXA_TIER3_GP_POINTS_PRO',			'MODIFIER_SINGLE_CITY_DISTRICTS_ADJUST_GREAT_PERSON_POINTS',	 0,			0,			NULL,					'COREXA_SET_CITY_HAS_DIS_HOLY'			),
(	'BUILDING_COREXA_TIER3_GP_POINTS_SCI',			'MODIFIER_SINGLE_CITY_DISTRICTS_ADJUST_GREAT_PERSON_POINTS',	 0,			0,			NULL,					'COREXA_SET_CITY_HAS_DIS_CAMPUS'		),
(	'BUILDING_COREXA_TIER3_GP_POINTS_WRI',			'MODIFIER_SINGLE_CITY_DISTRICTS_ADJUST_GREAT_PERSON_POINTS',	 0,			0,			NULL,					'COREXA_SET_CITY_HAS_DIS_CULT_1'		),
(	'BUILDING_COREXA_TIER3_GP_POINTS_ART',			'MODIFIER_SINGLE_CITY_DISTRICTS_ADJUST_GREAT_PERSON_POINTS',	 0,			0,			NULL,					'COREXA_SET_CITY_HAS_DIS_CULT_1'		),
(	'BUILDING_COREXA_TIER3_GP_POINTS_MUS',			'MODIFIER_SINGLE_CITY_DISTRICTS_ADJUST_GREAT_PERSON_POINTS',	 0,			0,			NULL,					'COREXA_SET_CITY_HAS_DIS_CULT_1'		),
(	'BUILDING_COREXA_TIER3_CITY_GEO_PLANT',			'MODIFIER_CITY_PLOT_YIELDS_ADJUST_PLOT_YIELD',	 				 0,			0,			NULL,					'COREXA_SET_PLOT_HAS_GEO_PLANT'			),
(	'BUILDING_COREXA_TIER3_WIND_FARM',				'MODIFIER_CITY_PLOT_YIELDS_ADJUST_PLOT_YIELD',	 				 0,			0,			NULL,					'COREXA_SET_PLOT_HAS_WIND_FARM'			),
(	'BUILDING_COREXA_TIER3_SOLAR_FARM',				'MODIFIER_CITY_PLOT_YIELDS_ADJUST_PLOT_YIELD',	 				 0,			0,			NULL,					'COREXA_SET_PLOT_HAS_SOLAR_FARM'		),
(	'BUILDING_COREXA_TIER3_OFFWND',					'MODIFIER_CITY_PLOT_YIELDS_ADJUST_PLOT_YIELD',	 				 0,			0,			NULL,					'COREXA_SET_PLOT_HAS_OFFSHORE_WIND'		),
(	'BUILDING_COREXA_TIER3_GEOPLNT_PWR',			'MODIFIER_SINGLE_CITY_ADJUST_FREE_POWER',	 					 0,			0,			NULL,					NULL									),
(	'BUILDING_COREXA_TIER3_WINDFRM_PWR',			'MODIFIER_SINGLE_CITY_ADJUST_FREE_POWER',	 					 0,			0,			NULL,					NULL									),
(	'BUILDING_COREXA_TIER3_SOLFRM_PWR',				'MODIFIER_SINGLE_CITY_ADJUST_FREE_POWER',	 					 0,			0,			NULL,					NULL									),
(	'BUILDING_COREXA_TIER3_OFFWND_PWR',				'MODIFIER_SINGLE_CITY_ADJUST_FREE_POWER',	 					 0,			0,			NULL,					NULL									);

INSERT INTO ModifierArguments
(	ModifierId,										Name,							Value							)	VALUES
(	'CORXA_PLOT_MINE_YIELD',						'YieldType',					'YIELD_PRODUCTION'				),
(	'CORXA_PLOT_MINE_YIELD',						'Amount',						'-1'							),
(	'CORXA_PLOT_FARM_YIELD',						'YieldType',					'YIELD_FOOD'					),
(	'CORXA_PLOT_FARM_YIELD',						'Amount',						'-1'							),
(	'CORXA_PLOT_FARM_QUARRY',						'YieldType',					'YIELD_PRODUCTION'				),
(	'CORXA_PLOT_FARM_QUARRY',						'Amount',						'-1'							),
(	'CORXA_PLOT_FARM_PLANTATION',					'YieldType',					'YIELD_GOLD'					),
(	'CORXA_PLOT_FARM_PLANTATION',					'Amount',						'-1'							),
(	'CORXA_PLOT_FARM_CAMP',							'YieldType',					'YIELD_GOLD'					),
(	'CORXA_PLOT_FARM_CAMP',							'Amount',						'-1'							),
(	'CORXA_PLOT_FARM_PASTURE',						'YieldType',					'YIELD_PRODUCTION'				),
(	'CORXA_PLOT_FARM_PASTURE',						'Amount',						'-1'							),
(	'CORXA_PLOT_FARM_FISHING',						'YieldType',					'YIELD_FOOD'					),
(	'CORXA_PLOT_FARM_FISHING',						'Amount',						'-1'							),
(	'CORXA_PLOT_FARM_FISHERY',						'YieldType',					'YIELD_FOOD'					),
(	'CORXA_PLOT_FARM_FISHERY',						'Amount',						'-1'							),
(	'CORXA_PLOT_LUMBER_MILL',						'YieldType',					'YIELD_PRODUCTION'				),
(	'CORXA_PLOT_LUMBER_MILL',						'Amount',						'-1'							),
(	'CORXA_PROD_PER_POPULATION',					'YieldType',					'YIELD_PRODUCTION'				),
(	'CORXA_PROD_PER_POPULATION',					'Amount',						'1'								),
(	'CORXA_CITY_INNER_DEFENSE',						'Amount',						'-15'							),
(	'CORXA_CITY_PROD_MILITARY',						'Amount',						'-30'							),
(	'CORXB_PLOT_MINE_YIELD',						'YieldType',					'YIELD_PRODUCTION'				),
(	'CORXB_PLOT_MINE_YIELD',						'Amount',						'-1'							),
(	'CORXB_PLOT_FARM_YIELD',						'YieldType',					'YIELD_FOOD'					),
(	'CORXB_PLOT_FARM_YIELD',						'Amount',						'-1'							),
(	'CORXB_PLOT_FARM_QUARRY',						'YieldType',					'YIELD_PRODUCTION'				),
(	'CORXB_PLOT_FARM_QUARRY',						'Amount',						'-1'							),
(	'CORXB_PLOT_FARM_PLANTATION',					'YieldType',					'YIELD_GOLD'					),
(	'CORXB_PLOT_FARM_PLANTATION',					'Amount',						'-1'							),
(	'CORXB_PLOT_FARM_CAMP',							'YieldType',					'YIELD_GOLD'					),
(	'CORXB_PLOT_FARM_CAMP',							'Amount',						'-1'							),
(	'CORXB_PLOT_FARM_PASTURE',						'YieldType',					'YIELD_PRODUCTION'				),
(	'CORXB_PLOT_FARM_PASTURE',						'Amount',						'-1'							),
(	'CORXB_PLOT_FARM_FISHING',						'YieldType',					'YIELD_FOOD'					),
(	'CORXB_PLOT_FARM_FISHING',						'Amount',						'-1'							),
(	'CORXB_PLOT_FARM_FISHERY',						'YieldType',					'YIELD_FOOD'					),
(	'CORXB_PLOT_FARM_FISHERY',						'Amount',						'-1'							),
(	'CORXB_PLOT_LUMBER_MILL',						'YieldType',					'YIELD_PRODUCTION'				),
(	'CORXB_PLOT_LUMBER_MILL',						'Amount',						'-1'							),
(	'CORXB_PROD_PER_POPULATION',					'YieldType',					'YIELD_PRODUCTION'				),
(	'CORXB_PROD_PER_POPULATION',					'Amount',						'1'								),
(	'CORXB_CITY_INNER_DEFENSE',						'Amount',						'-15'							),
(	'CORXB_CITY_PROD_MILITARY',						'Amount',						'-30'							),
(	'CORXC_PLOT_MINE_YIELD',						'YieldType',					'YIELD_PRODUCTION'				),
(	'CORXC_PLOT_MINE_YIELD',						'Amount',						'-1'							),
(	'CORXC_PLOT_FARM_YIELD',						'YieldType',					'YIELD_FOOD'					),
(	'CORXC_PLOT_FARM_YIELD',						'Amount',						'-1'							),
(	'CORXC_PLOT_FARM_QUARRY',						'YieldType',					'YIELD_PRODUCTION'				),
(	'CORXC_PLOT_FARM_QUARRY',						'Amount',						'-1'							),
(	'CORXC_PLOT_FARM_PLANTATION',					'YieldType',					'YIELD_GOLD'					),
(	'CORXC_PLOT_FARM_PLANTATION',					'Amount',						'-1'							),
(	'CORXC_PLOT_FARM_CAMP',							'YieldType',					'YIELD_GOLD'					),
(	'CORXC_PLOT_FARM_CAMP',							'Amount',						'-1'							),
(	'CORXC_PLOT_FARM_PASTURE',						'YieldType',					'YIELD_FOOD'					),
(	'CORXC_PLOT_FARM_PASTURE',						'Amount',						'-1'							),
(	'CORXC_PLOT_FARM_FISHING',						'YieldType',					'YIELD_FOOD'					),
(	'CORXC_PLOT_FARM_FISHING',						'Amount',						'-1'							),
(	'CORXC_PLOT_FARM_FISHERY',						'YieldType',					'YIELD_FOOD'					),
(	'CORXC_PLOT_FARM_FISHERY',						'Amount',						'-1'							),
(	'CORXC_PLOT_LUMBER_MILL',						'YieldType',					'YIELD_PRODUCTION'				),
(	'CORXC_PLOT_LUMBER_MILL',						'Amount',						'-1'							),
(	'CORXC_PROD_PER_POPULATION',					'YieldType',					'YIELD_PRODUCTION'				),
(	'CORXC_PROD_PER_POPULATION',					'Amount',						'1'								),
(	'CORXC_CITY_INNER_DEFENSE',						'Amount',						'-15'							),
(	'CORXC_CITY_PROD_MILITARY',						'Amount',						'-30'							),
(	'BUILDING_COREXA_TIER1_SCI_YIELD',				'YieldType',					'YIELD_SCIENCE'					),
(	'BUILDING_COREXA_TIER1_SCI_YIELD',				'Amount',						'15'							),
(	'BUILDING_COREXA_TIER1_CUL_YIELD',				'YieldType',					'YIELD_CULTURE'					),
(	'BUILDING_COREXA_TIER1_CUL_YIELD',				'Amount',						'15'							),
(	'BUILDING_COREXA_TIER1_FAI_YIELD',				'YieldType',					'YIELD_FAITH'					),
(	'BUILDING_COREXA_TIER1_FAI_YIELD',				'Amount',						'15'							),
(	'BUILDING_COREXA_TIER2_EXTRA_DIST',				'Amount',						'1'								),
(	'BUILDING_COREXA_TIER2_PROD_DIST',				'Amount',						'25'							),
(	'BUILDING_COREXA_TIER2_EXTRA_TRD_CRA_1',		'Amount',						'1'								),
(	'BUILDING_COREXA_TIER2_EXTRA_TRD_CRB_1',		'Amount',						'1'								),
(	'BUILDING_COREXA_TIER2_EXTRA_TRD_CRC_1',		'Amount',						'1'								),
(	'BUILDING_COREXA_TIER3_TOUR_SCULP',				'GreatWorkObjectType',			'GREATWORKOBJECT_SCULPTURE'		),
(	'BUILDING_COREXA_TIER3_TOUR_SCULP',				'ScalingFactor',				'150'							),
(	'BUILDING_COREXA_TIER3_TOUR_PORT',				'GreatWorkObjectType',			'GREATWORKOBJECT_PORTRAIT'		),
(	'BUILDING_COREXA_TIER3_TOUR_PORT',				'ScalingFactor',				'150'							),
(	'BUILDING_COREXA_TIER3_TOUR_LAND',				'GreatWorkObjectType',			'GREATWORKOBJECT_LANDSCAPE'		),
(	'BUILDING_COREXA_TIER3_TOUR_LAND',				'ScalingFactor',				'150'							),
(	'BUILDING_COREXA_TIER3_TOUR_WRIT',				'GreatWorkObjectType',			'GREATWORKOBJECT_WRITING'		),
(	'BUILDING_COREXA_TIER3_TOUR_WRIT',				'ScalingFactor',				'150'							),
(	'BUILDING_COREXA_TIER3_TOUR_MUSC',				'GreatWorkObjectType',			'GREATWORKOBJECT_MUSIC'			),
(	'BUILDING_COREXA_TIER3_TOUR_MUSC',				'ScalingFactor',				'150'							),
(	'BUILDING_COREXA_TIER3_TOUR_RELG',				'GreatWorkObjectType',			'GREATWORKOBJECT_RELIGIOUS'		),
(	'BUILDING_COREXA_TIER3_TOUR_RELG',				'ScalingFactor',				'150'							),
(	'BUILDING_COREXA_TIER3_PARK_GOLD',				'YieldType',					'YIELD_GOLD'					),
(	'BUILDING_COREXA_TIER3_PARK_GOLD',				'Amount',						'10'							),
(	'BUILDING_COREXA_TIER3_CITY_PARK_CULT',			'YieldType',					'YIELD_CULTURE'					),
(	'BUILDING_COREXA_TIER3_CITY_PARK_CULT',			'Amount',						'1'								),
(	'BUILDING_COREXA_TIER3_CITY_PARK_GOLD',			'YieldType',					'YIELD_GOLD'					),
(	'BUILDING_COREXA_TIER3_CITY_PARK_GOLD',			'Amount',						'2'								),
(	'BUILDING_COREXA_TIER3_GP_POINTS_GEN',			'Amount',						'1'								),
(	'BUILDING_COREXA_TIER3_GP_POINTS_GEN',			'GreatPersonClassType',			'GREAT_PERSON_CLASS_GENERAL'	),
(	'BUILDING_COREXA_TIER3_GP_POINTS_ADM',			'Amount',						'1'								),
(	'BUILDING_COREXA_TIER3_GP_POINTS_ADM',			'GreatPersonClassType',			'GREAT_PERSON_CLASS_ADMIRAL'	),
(	'BUILDING_COREXA_TIER3_GP_POINTS_EGN',			'Amount',						'1'								),
(	'BUILDING_COREXA_TIER3_GP_POINTS_EGN',			'GreatPersonClassType',			'GREAT_PERSON_CLASS_ENGINEER'	),
(	'BUILDING_COREXA_TIER3_GP_POINTS_MER',			'Amount',						'1'								),
(	'BUILDING_COREXA_TIER3_GP_POINTS_MER',			'GreatPersonClassType',			'GREAT_PERSON_CLASS_MERCHANT'	),
(	'BUILDING_COREXA_TIER3_GP_POINTS_PRO',			'Amount',						'1'								),
(	'BUILDING_COREXA_TIER3_GP_POINTS_PRO',			'GreatPersonClassType',			'GREAT_PERSON_CLASS_PROPHET'	),
(	'BUILDING_COREXA_TIER3_GP_POINTS_SCI',			'Amount',						'1'								),
(	'BUILDING_COREXA_TIER3_GP_POINTS_SCI',			'GreatPersonClassType',			'GREAT_PERSON_CLASS_SCIENTIST'	),
(	'BUILDING_COREXA_TIER3_GP_POINTS_WRI',			'Amount',						'1'								),
(	'BUILDING_COREXA_TIER3_GP_POINTS_WRI',			'GreatPersonClassType',			'GREAT_PERSON_CLASS_WRITER'		),
(	'BUILDING_COREXA_TIER3_GP_POINTS_ART',			'Amount',						'1'								),
(	'BUILDING_COREXA_TIER3_GP_POINTS_ART',			'GreatPersonClassType',			'GREAT_PERSON_CLASS_ARTIST'		),
(	'BUILDING_COREXA_TIER3_GP_POINTS_MUS',			'Amount',						'1'								),
(	'BUILDING_COREXA_TIER3_GP_POINTS_MUS',			'GreatPersonClassType',			'GREAT_PERSON_CLASS_MUSICIAN'	),
(	'BUILDING_COREXA_TIER3_CITY_GEO_PLANT',			'YieldType',					'YIELD_GOLD'					),
(	'BUILDING_COREXA_TIER3_CITY_GEO_PLANT',			'Amount',						'2'								),
(	'BUILDING_COREXA_TIER3_WIND_FARM',				'YieldType',					'YIELD_GOLD'					),
(	'BUILDING_COREXA_TIER3_WIND_FARM',				'Amount',						'2'								),
(	'BUILDING_COREXA_TIER3_SOLAR_FARM',				'YieldType',					'YIELD_GOLD'					),
(	'BUILDING_COREXA_TIER3_SOLAR_FARM',				'Amount',						'2'								),
(	'BUILDING_COREXA_TIER3_OFFWND',					'YieldType',					'YIELD_GOLD'					),
(	'BUILDING_COREXA_TIER3_OFFWND',					'Amount',						'2'								),
(	'BUILDING_COREXA_TIER3_GEOPLNT_PWR',			'Amount',						'1'								),
(	'BUILDING_COREXA_TIER3_GEOPLNT_PWR',			'SourceType',					'FREE_POWER_SOURCE_GEOTHERMAL'	),
(	'BUILDING_COREXA_TIER3_WINDFRM_PWR',			'Amount',						'1'								),
(	'BUILDING_COREXA_TIER3_WINDFRM_PWR',			'SourceType',					'FREE_POWER_SOURCE_WIND'		),
(	'BUILDING_COREXA_TIER3_SOLFRM_PWR',				'Amount',						'1'								),
(	'BUILDING_COREXA_TIER3_SOLFRM_PWR',				'SourceType',					'FREE_POWER_SOURCE_SOLAR'		),
(	'BUILDING_COREXA_TIER3_OFFWND_PWR',				'Amount',						'1'								),
(	'BUILDING_COREXA_TIER3_OFFWND_PWR',				'SourceType',					'FREE_POWER_SOURCE_WIND'		);

INSERT INTO DistrictModifiers
(	DistrictType,				ModifierId						)	VALUES
(	'DISTRICT_COREEXPANSIONA',	'CORXA_PLOT_MINE_YIELD'			),
(	'DISTRICT_COREEXPANSIONA',	'CORXA_PLOT_FARM_YIELD'			),
(	'DISTRICT_COREEXPANSIONA',	'CORXA_PLOT_FARM_QUARRY'		),
(	'DISTRICT_COREEXPANSIONA',	'CORXA_PLOT_FARM_PLANTATION'	),
(	'DISTRICT_COREEXPANSIONA',	'CORXA_PLOT_FARM_CAMP'			),
(	'DISTRICT_COREEXPANSIONA',	'CORXA_PLOT_FARM_PASTURE'		),
(	'DISTRICT_COREEXPANSIONA',	'CORXA_PLOT_FARM_FISHING'		),
(	'DISTRICT_COREEXPANSIONA',	'CORXA_PLOT_FARM_FISHERY'		),
(	'DISTRICT_COREEXPANSIONA',	'CORXA_PLOT_LUMBER_MILL'		),
(	'DISTRICT_COREEXPANSIONA',	'CORXA_PROD_PER_POPULATION'		),
(	'DISTRICT_COREEXPANSIONA',	'CORXA_CITY_INNER_DEFENSE'		),
(	'DISTRICT_COREEXPANSIONA',	'CORXA_CITY_PROD_MILITARY'		),
(	'DISTRICT_COREEXPANSIONB',	'CORXB_PLOT_MINE_YIELD'			),
(	'DISTRICT_COREEXPANSIONB',	'CORXB_PLOT_FARM_YIELD'			),
(	'DISTRICT_COREEXPANSIONB',	'CORXB_PLOT_FARM_QUARRY'		),
(	'DISTRICT_COREEXPANSIONB',	'CORXB_PLOT_FARM_PLANTATION'	),
(	'DISTRICT_COREEXPANSIONB',	'CORXB_PLOT_FARM_CAMP'			),
(	'DISTRICT_COREEXPANSIONB',	'CORXB_PLOT_FARM_PASTURE'		),
(	'DISTRICT_COREEXPANSIONB',	'CORXB_PLOT_FARM_FISHING'		),
(	'DISTRICT_COREEXPANSIONB',	'CORXB_PLOT_FARM_FISHERY'		),
(	'DISTRICT_COREEXPANSIONB',	'CORXB_PLOT_LUMBER_MILL'		),
(	'DISTRICT_COREEXPANSIONB',	'CORXB_PROD_PER_POPULATION'		),
(	'DISTRICT_COREEXPANSIONB',	'CORXB_CITY_INNER_DEFENSE'		),
(	'DISTRICT_COREEXPANSIONB',	'CORXB_CITY_PROD_MILITARY'		),
(	'DISTRICT_COREEXPANSIONC',	'CORXC_PLOT_MINE_YIELD'			),
(	'DISTRICT_COREEXPANSIONC',	'CORXC_PLOT_FARM_YIELD'			),
(	'DISTRICT_COREEXPANSIONC',	'CORXC_PLOT_FARM_QUARRY'		),
(	'DISTRICT_COREEXPANSIONC',	'CORXC_PLOT_FARM_PLANTATION'	),
(	'DISTRICT_COREEXPANSIONC',	'CORXC_PLOT_FARM_CAMP'			),
(	'DISTRICT_COREEXPANSIONC',	'CORXC_PLOT_FARM_PASTURE'		),
(	'DISTRICT_COREEXPANSIONC',	'CORXC_PLOT_FARM_FISHING'		),
(	'DISTRICT_COREEXPANSIONC',	'CORXC_PLOT_FARM_FISHERY'		),
(	'DISTRICT_COREEXPANSIONC',	'CORXC_PLOT_LUMBER_MILL'		),
(	'DISTRICT_COREEXPANSIONC',	'CORXC_PROD_PER_POPULATION'		),
(	'DISTRICT_COREEXPANSIONC',	'CORXC_CITY_INNER_DEFENSE'		),
(	'DISTRICT_COREEXPANSIONC',	'CORXC_CITY_PROD_MILITARY'		);

INSERT INTO Buildings
(	BuildingType,       				Name,       								PrereqCivic,   					 Cost,       MaxPlayerInstances,    PrereqDistrict,       		    Maintenance,    CitizenSlots,       AdvisorType      			)	VALUES
(	'BUILDING_COREXA_TIER1_SCI',		'LOC_BUILDING_COREXA_TIER1_SCI_NAME',		'CIVIC_GUILDS',					'150',		'-1',					'DISTRICT_COREEXPANSIONA', 		'2',			'1',				'ADVISOR_TECHNOLOGY'		),
(	'BUILDING_COREXA_TIER1_CUL',		'LOC_BUILDING_COREXA_TIER1_CUL_NAME',		'CIVIC_GUILDS',					'150',		'-1',					'DISTRICT_COREEXPANSIONA', 		'2',			'1',				'ADVISOR_CULTURE'			),
(	'BUILDING_COREXA_TIER1_FAI',		'LOC_BUILDING_COREXA_TIER1_FAI_NAME',		'CIVIC_GUILDS',					'150',		'-1',					'DISTRICT_COREEXPANSIONA', 		'2',			'1',				'ADVISOR_RELIGIOUS'			),
(	'BUILDING_COREXA_TIER2_PLUSDIS',	'LOC_BUILDING_COREXA_TIER2_PLUSDIS_NAME',	'CIVIC_CIVIL_ENGINEERING',		'290',		'-1',					'DISTRICT_COREEXPANSIONA', 		'4',			'1',				'ADVISOR_GENERIC'			),
(	'BUILDING_COREXA_TIER2_PRODDIS',	'LOC_BUILDING_COREXA_TIER2_PRODDIS_NAME',	'CIVIC_CIVIL_ENGINEERING',		'290',		'-1',					'DISTRICT_COREEXPANSIONA', 		'4',			'1',				'ADVISOR_GENERIC'			),
(	'BUILDING_COREXA_TIER2_DUBADJ',		'LOC_BUILDING_COREXA_TIER2_DUBADJ_NAME',	'CIVIC_CIVIL_ENGINEERING',		'290',		'-1',					'DISTRICT_COREEXPANSIONA', 		'4',			'1',				'ADVISOR_GENERIC'			),
(	'BUILDING_COREXA_TIER3_DIPLO',		'LOC_BUILDING_COREXA_TIER3_DIPLO_NAME',		'CIVIC_CULTURAL_HERITAGE',		'580',		'-1',					'DISTRICT_COREEXPANSIONA', 		'8',			'1',				'ADVISOR_CULTURE'			),
(	'BUILDING_COREXA_TIER3_GPPNT',		'LOC_BUILDING_COREXA_TIER3_GPPNT_NAME',		'CIVIC_COLD_WAR',				'580',		'-1',					'DISTRICT_COREEXPANSIONA', 		'8',			'1',				'ADVISOR_GENERIC'			),
(	'BUILDING_COREXA_TIER3_PROJT',		'LOC_BUILDING_COREXA_TIER3_PROJT_NAME',		'CIVIC_NUCLEAR_PROGRAM',		'580',		'-1',					'DISTRICT_COREEXPANSIONA', 		'8',			'1',				'ADVISOR_TECHNOLOGY'		),
(	'BUILDING_COREXB_TIER1_SCI',		'LOC_BUILDING_COREXA_TIER1_SCI_NAME',		'CIVIC_GUILDS',					'150',		'-1',					'DISTRICT_COREEXPANSIONB', 		'2',			'1',				'ADVISOR_TECHNOLOGY'		),
(	'BUILDING_COREXB_TIER1_CUL',		'LOC_BUILDING_COREXA_TIER1_CUL_NAME',		'CIVIC_GUILDS',					'150',		'-1',					'DISTRICT_COREEXPANSIONB', 		'2',			'1',				'ADVISOR_CULTURE'			),
(	'BUILDING_COREXB_TIER1_FAI',		'LOC_BUILDING_COREXA_TIER1_FAI_NAME',		'CIVIC_GUILDS',					'150',		'-1',					'DISTRICT_COREEXPANSIONB', 		'2',			'1',				'ADVISOR_RELIGIOUS'			),
(	'BUILDING_COREXB_TIER2_PLUSDIS',	'LOC_BUILDING_COREXA_TIER2_PLUSDIS_NAME',	'CIVIC_CIVIL_ENGINEERING',		'290',		'-1',					'DISTRICT_COREEXPANSIONB', 		'4',			'1',				'ADVISOR_GENERIC'			),
(	'BUILDING_COREXB_TIER2_PRODDIS',	'LOC_BUILDING_COREXA_TIER2_PRODDIS_NAME',	'CIVIC_CIVIL_ENGINEERING',		'290',		'-1',					'DISTRICT_COREEXPANSIONB', 		'4',			'1',				'ADVISOR_GENERIC'			),
(	'BUILDING_COREXB_TIER2_DUBADJ',		'LOC_BUILDING_COREXA_TIER2_DUBADJ_NAME',	'CIVIC_CIVIL_ENGINEERING',		'290',		'-1',					'DISTRICT_COREEXPANSIONB', 		'4',			'1',				'ADVISOR_GENERIC'			),
(	'BUILDING_COREXB_TIER3_DIPLO',		'LOC_BUILDING_COREXA_TIER3_DIPLO_NAME',		'CIVIC_CULTURAL_HERITAGE',		'580',		'-1',					'DISTRICT_COREEXPANSIONB', 		'8',			'1',				'ADVISOR_CULTURE'			),
(	'BUILDING_COREXB_TIER3_GPPNT',		'LOC_BUILDING_COREXA_TIER3_GPPNT_NAME',		'CIVIC_COLD_WAR',				'580',		'-1',					'DISTRICT_COREEXPANSIONB', 		'8',			'1',				'ADVISOR_GENERIC'			),
(	'BUILDING_COREXB_TIER3_PROJT',		'LOC_BUILDING_COREXA_TIER3_PROJT_NAME',		'CIVIC_NUCLEAR_PROGRAM',		'580',		'-1',					'DISTRICT_COREEXPANSIONB', 		'8',			'1',				'ADVISOR_TECHNOLOGY'		),
(	'BUILDING_COREXC_TIER1_SCI',		'LOC_BUILDING_COREXA_TIER1_SCI_NAME',		'CIVIC_GUILDS',					'150',		'-1',					'DISTRICT_COREEXPANSIONC', 		'2',			'1',				'ADVISOR_TECHNOLOGY'		),
(	'BUILDING_COREXC_TIER1_CUL',		'LOC_BUILDING_COREXA_TIER1_CUL_NAME',		'CIVIC_GUILDS',					'150',		'-1',					'DISTRICT_COREEXPANSIONC', 		'2',			'1',				'ADVISOR_CULTURE'			),
(	'BUILDING_COREXC_TIER1_FAI',		'LOC_BUILDING_COREXA_TIER1_FAI_NAME',		'CIVIC_GUILDS',					'150',		'-1',					'DISTRICT_COREEXPANSIONC', 		'2',			'1',				'ADVISOR_RELIGIOUS'			),
(	'BUILDING_COREXC_TIER2_PLUSDIS',	'LOC_BUILDING_COREXA_TIER2_PLUSDIS_NAME',	'CIVIC_CIVIL_ENGINEERING',		'290',		'-1',					'DISTRICT_COREEXPANSIONC', 		'4',			'1',				'ADVISOR_GENERIC'			),
(	'BUILDING_COREXC_TIER2_PRODDIS',	'LOC_BUILDING_COREXA_TIER2_PRODDIS_NAME',	'CIVIC_CIVIL_ENGINEERING',		'290',		'-1',					'DISTRICT_COREEXPANSIONC', 		'4',			'1',				'ADVISOR_GENERIC'			),
(	'BUILDING_COREXC_TIER2_DUBADJ',		'LOC_BUILDING_COREXA_TIER2_DUBADJ_NAME',	'CIVIC_CIVIL_ENGINEERING',		'290',		'-1',					'DISTRICT_COREEXPANSIONC', 		'4',			'1',				'ADVISOR_GENERIC'			),
(	'BUILDING_COREXC_TIER3_DIPLO',		'LOC_BUILDING_COREXA_TIER3_DIPLO_NAME',		'CIVIC_CULTURAL_HERITAGE',		'580',		'-1',					'DISTRICT_COREEXPANSIONC', 		'8',			'1',				'ADVISOR_CULTURE'			),
(	'BUILDING_COREXC_TIER3_GPPNT',		'LOC_BUILDING_COREXA_TIER3_GPPNT_NAME',		'CIVIC_COLD_WAR',				'580',		'-1',					'DISTRICT_COREEXPANSIONC', 		'8',			'1',				'ADVISOR_GENERIC'			),
(	'BUILDING_COREXC_TIER3_PROJT',		'LOC_BUILDING_COREXA_TIER3_PROJT_NAME',		'CIVIC_NUCLEAR_PROGRAM',		'580',		'-1',					'DISTRICT_COREEXPANSIONC', 		'8',			'1',				'ADVISOR_TECHNOLOGY'		);

INSERT INTO BuildingModifiers
(	BuildingType,								ModifierId										)	VALUES
(	'BUILDING_COREXA_TIER1_SCI',				'BUILDING_COREXA_TIER1_SCI_YIELD'				),
(	'BUILDING_COREXA_TIER1_CUL',				'BUILDING_COREXA_TIER1_CUL_YIELD'				),
(	'BUILDING_COREXA_TIER1_FAI',				'BUILDING_COREXA_TIER1_FAI_YIELD'				),
(	'BUILDING_COREXA_TIER2_PLUSDIS',			'BUILDING_COREXA_TIER2_EXTRA_DIST'				),
(	'BUILDING_COREXA_TIER2_PRODDIS',			'BUILDING_COREXA_TIER2_PROD_DIST'				),
(	'BUILDING_COREXA_TIER2_DUBADJ',				'BUILDING_COREXA_TIER2_EXTRA_TRD_CRA_1'			),
(	'BUILDING_COREXA_TIER2_DUBADJ',				'BUILDING_COREXA_TIER2_EXTRA_TRD_CRB_1'			),
(	'BUILDING_COREXA_TIER2_DUBADJ',				'BUILDING_COREXA_TIER2_EXTRA_TRD_CRC_1'			),
(	'BUILDING_COREXA_TIER3_DIPLO',				'BUILDING_COREXA_TIER3_TOUR_SCULP'				),
(	'BUILDING_COREXA_TIER3_DIPLO',				'BUILDING_COREXA_TIER3_TOUR_PORT'				),
(	'BUILDING_COREXA_TIER3_DIPLO',				'BUILDING_COREXA_TIER3_TOUR_LAND'				),
(	'BUILDING_COREXA_TIER3_DIPLO',				'BUILDING_COREXA_TIER3_TOUR_WRIT'				),
(	'BUILDING_COREXA_TIER3_DIPLO',				'BUILDING_COREXA_TIER3_TOUR_MUSC'				),
(	'BUILDING_COREXA_TIER3_DIPLO',				'BUILDING_COREXA_TIER3_TOUR_RELG'				),
(	'BUILDING_COREXA_TIER3_DIPLO',				'BUILDING_COREXA_TIER3_PARK_GOLD'				),
(	'BUILDING_COREXA_TIER3_DIPLO',				'BUILDING_COREXA_TIER3_CITY_PARK_CULT'			),
(	'BUILDING_COREXA_TIER3_DIPLO',				'BUILDING_COREXA_TIER3_CITY_PARK_GOLD'			),
(	'BUILDING_COREXA_TIER3_GPPNT',				'BUILDING_COREXA_TIER3_GP_POINTS_GEN'			),
(	'BUILDING_COREXA_TIER3_GPPNT',				'BUILDING_COREXA_TIER3_GP_POINTS_ADM'			),
(	'BUILDING_COREXA_TIER3_GPPNT',				'BUILDING_COREXA_TIER3_GP_POINTS_EGN'			),
(	'BUILDING_COREXA_TIER3_GPPNT',				'BUILDING_COREXA_TIER3_GP_POINTS_MER'			),
(	'BUILDING_COREXA_TIER3_GPPNT',				'BUILDING_COREXA_TIER3_GP_POINTS_PRO'			),
(	'BUILDING_COREXA_TIER3_GPPNT',				'BUILDING_COREXA_TIER3_GP_POINTS_SCI'			),
(	'BUILDING_COREXA_TIER3_GPPNT',				'BUILDING_COREXA_TIER3_GP_POINTS_WRI'			),
(	'BUILDING_COREXA_TIER3_GPPNT',				'BUILDING_COREXA_TIER3_GP_POINTS_ART'			),
(	'BUILDING_COREXA_TIER3_GPPNT',				'BUILDING_COREXA_TIER3_GP_POINTS_MUS'			),
(	'BUILDING_COREXA_TIER3_PROJT',				'BUILDING_COREXA_TIER3_CITY_GEO_PLANT'			),
(	'BUILDING_COREXA_TIER3_PROJT',				'BUILDING_COREXA_TIER3_WIND_FARM'				),
(	'BUILDING_COREXA_TIER3_PROJT',				'BUILDING_COREXA_TIER3_SOLAR_FARM'				),
(	'BUILDING_COREXA_TIER3_PROJT',				'BUILDING_COREXA_TIER3_OFFWND'					),
(	'BUILDING_COREXA_TIER3_PROJT',				'BUILDING_COREXA_TIER3_GEOPLNT_PWR'				),
(	'BUILDING_COREXA_TIER3_PROJT',				'BUILDING_COREXA_TIER3_WINDFRM_PWR'				),
(	'BUILDING_COREXA_TIER3_PROJT',				'BUILDING_COREXA_TIER3_SOLFRM_PWR'				),
(	'BUILDING_COREXA_TIER3_PROJT',				'BUILDING_COREXA_TIER3_OFFWND_PWR'				),
(	'BUILDING_COREXB_TIER1_SCI',				'BUILDING_COREXA_TIER1_SCI_YIELD'				),
(	'BUILDING_COREXB_TIER1_CUL',				'BUILDING_COREXA_TIER1_CUL_YIELD'				),
(	'BUILDING_COREXB_TIER1_FAI',				'BUILDING_COREXA_TIER1_FAI_YIELD'				),
(	'BUILDING_COREXB_TIER2_PLUSDIS',			'BUILDING_COREXA_TIER2_EXTRA_DIST'				),
(	'BUILDING_COREXB_TIER2_PRODDIS',			'BUILDING_COREXA_TIER2_PROD_DIST'				),
(	'BUILDING_COREXB_TIER2_DUBADJ',				'BUILDING_COREXA_TIER2_EXTRA_TRD_CRA_1'			),
(	'BUILDING_COREXB_TIER2_DUBADJ',				'BUILDING_COREXA_TIER2_EXTRA_TRD_CRB_1'			),
(	'BUILDING_COREXB_TIER2_DUBADJ',				'BUILDING_COREXA_TIER2_EXTRA_TRD_CRC_1'			),
(	'BUILDING_COREXB_TIER3_DIPLO',				'BUILDING_COREXA_TIER3_TOUR_SCULP'				),
(	'BUILDING_COREXB_TIER3_DIPLO',				'BUILDING_COREXA_TIER3_TOUR_PORT'				),
(	'BUILDING_COREXB_TIER3_DIPLO',				'BUILDING_COREXA_TIER3_TOUR_LAND'				),
(	'BUILDING_COREXB_TIER3_DIPLO',				'BUILDING_COREXA_TIER3_TOUR_WRIT'				),
(	'BUILDING_COREXB_TIER3_DIPLO',				'BUILDING_COREXA_TIER3_TOUR_MUSC'				),
(	'BUILDING_COREXB_TIER3_DIPLO',				'BUILDING_COREXA_TIER3_PARK_GOLD'				),
(	'BUILDING_COREXB_TIER3_DIPLO',				'BUILDING_COREXA_TIER3_CITY_PARK_CULT'			),
(	'BUILDING_COREXB_TIER3_DIPLO',				'BUILDING_COREXA_TIER3_CITY_PARK_GOLD'			),
(	'BUILDING_COREXB_TIER3_GPPNT',				'BUILDING_COREXA_TIER3_GP_POINTS_GEN'			),
(	'BUILDING_COREXB_TIER3_GPPNT',				'BUILDING_COREXA_TIER3_GP_POINTS_ADM'			),
(	'BUILDING_COREXB_TIER3_GPPNT',				'BUILDING_COREXA_TIER3_GP_POINTS_EGN'			),
(	'BUILDING_COREXB_TIER3_GPPNT',				'BUILDING_COREXA_TIER3_GP_POINTS_MER'			),
(	'BUILDING_COREXB_TIER3_GPPNT',				'BUILDING_COREXA_TIER3_GP_POINTS_PRO'			),
(	'BUILDING_COREXB_TIER3_GPPNT',				'BUILDING_COREXA_TIER3_GP_POINTS_SCI'			),
(	'BUILDING_COREXB_TIER3_GPPNT',				'BUILDING_COREXA_TIER3_GP_POINTS_WRI'			),
(	'BUILDING_COREXB_TIER3_GPPNT',				'BUILDING_COREXA_TIER3_GP_POINTS_ART'			),
(	'BUILDING_COREXB_TIER3_GPPNT',				'BUILDING_COREXA_TIER3_GP_POINTS_MUS'			),
(	'BUILDING_COREXB_TIER3_GPPNT',				'BUILDING_COREXA_TIER3_GP_POINTS'				),
(	'BUILDING_COREXB_TIER3_PROJT',				'BUILDING_COREXA_TIER3_CITY_GEO_PLANT'			),
(	'BUILDING_COREXB_TIER3_PROJT',				'BUILDING_COREXA_TIER3_WIND_FARM'				),
(	'BUILDING_COREXB_TIER3_PROJT',				'BUILDING_COREXA_TIER3_SOLAR_FARM'				),
(	'BUILDING_COREXB_TIER3_PROJT',				'BUILDING_COREXA_TIER3_OFFWND'					),
(	'BUILDING_COREXB_TIER3_PROJT',				'BUILDING_COREXA_TIER3_GEOPLNT_PWR'				),
(	'BUILDING_COREXB_TIER3_PROJT',				'BUILDING_COREXA_TIER3_WINDFRM_PWR'				),
(	'BUILDING_COREXB_TIER3_PROJT',				'BUILDING_COREXA_TIER3_SOLFRM_PWR'				),
(	'BUILDING_COREXB_TIER3_PROJT',				'BUILDING_COREXA_TIER3_OFFWND_PWR'				),
(	'BUILDING_COREXC_TIER1_SCI',				'BUILDING_COREXA_TIER1_SCI_YIELD'				),
(	'BUILDING_COREXC_TIER1_CUL',				'BUILDING_COREXA_TIER1_CUL_YIELD'				),
(	'BUILDING_COREXC_TIER1_FAI',				'BUILDING_COREXA_TIER1_FAI_YIELD'				),
(	'BUILDING_COREXC_TIER2_PLUSDIS',			'BUILDING_COREXA_TIER2_EXTRA_DIST'				),
(	'BUILDING_COREXC_TIER2_PRODDIS',			'BUILDING_COREXA_TIER2_PROD_DIST'				),
(	'BUILDING_COREXC_TIER2_DUBADJ',				'BUILDING_COREXA_TIER2_EXTRA_TRD_CRA_1'			),
(	'BUILDING_COREXC_TIER2_DUBADJ',				'BUILDING_COREXA_TIER2_EXTRA_TRD_CRB_1'			),
(	'BUILDING_COREXC_TIER2_DUBADJ',				'BUILDING_COREXA_TIER2_EXTRA_TRD_CRC_1'			),
(	'BUILDING_COREXC_TIER3_DIPLO',				'BUILDING_COREXA_TIER3_TOUR_SCULP'				),
(	'BUILDING_COREXC_TIER3_DIPLO',				'BUILDING_COREXA_TIER3_TOUR_PORT'				),
(	'BUILDING_COREXC_TIER3_DIPLO',				'BUILDING_COREXA_TIER3_TOUR_LAND'				),
(	'BUILDING_COREXC_TIER3_DIPLO',				'BUILDING_COREXA_TIER3_TOUR_WRIT'				),
(	'BUILDING_COREXC_TIER3_DIPLO',				'BUILDING_COREXA_TIER3_TOUR_MUSC'				),
(	'BUILDING_COREXC_TIER3_DIPLO',				'BUILDING_COREXA_TIER3_TOUR_RELG'				),
(	'BUILDING_COREXC_TIER3_DIPLO',				'BUILDING_COREXA_TIER3_PARK_GOLD'				),
(	'BUILDING_COREXC_TIER3_DIPLO',				'BUILDING_COREXA_TIER3_CITY_PARK_CULT'			),
(	'BUILDING_COREXC_TIER3_DIPLO',				'BUILDING_COREXA_TIER3_CITY_PARK_GOLD'			),
(	'BUILDING_COREXC_TIER3_GPPNT',				'BUILDING_COREXA_TIER3_GP_POINTS_GEN'			),
(	'BUILDING_COREXC_TIER3_GPPNT',				'BUILDING_COREXA_TIER3_GP_POINTS_ADM'			),
(	'BUILDING_COREXC_TIER3_GPPNT',				'BUILDING_COREXA_TIER3_GP_POINTS_EGN'			),
(	'BUILDING_COREXC_TIER3_GPPNT',				'BUILDING_COREXA_TIER3_GP_POINTS_MER'			),
(	'BUILDING_COREXC_TIER3_GPPNT',				'BUILDING_COREXA_TIER3_GP_POINTS_PRO'			),
(	'BUILDING_COREXC_TIER3_GPPNT',				'BUILDING_COREXA_TIER3_GP_POINTS_SCI'			),
(	'BUILDING_COREXC_TIER3_GPPNT',				'BUILDING_COREXA_TIER3_GP_POINTS_WRI'			),
(	'BUILDING_COREXC_TIER3_GPPNT',				'BUILDING_COREXA_TIER3_GP_POINTS_ART'			),
(	'BUILDING_COREXC_TIER3_GPPNT',				'BUILDING_COREXA_TIER3_GP_POINTS_MUS'			),
(	'BUILDING_COREXC_TIER3_PROJT',				'BUILDING_COREXA_TIER3_CITY_GEO_PLANT'			),
(	'BUILDING_COREXC_TIER3_PROJT',				'BUILDING_COREXA_TIER3_WIND_FARM'				),
(	'BUILDING_COREXC_TIER3_PROJT',				'BUILDING_COREXA_TIER3_SOLAR_FARM'				),
(	'BUILDING_COREXC_TIER3_PROJT',				'BUILDING_COREXA_TIER3_OFFWND'					),
(	'BUILDING_COREXC_TIER3_PROJT',				'BUILDING_COREXA_TIER3_GEOPLNT_PWR'				),
(	'BUILDING_COREXC_TIER3_PROJT',				'BUILDING_COREXA_TIER3_WINDFRM_PWR'				),
(	'BUILDING_COREXC_TIER3_PROJT',				'BUILDING_COREXA_TIER3_SOLFRM_PWR'				),
(	'BUILDING_COREXC_TIER3_PROJT',				'BUILDING_COREXA_TIER3_OFFWND_PWR'				);

INSERT INTO MutuallyExclusiveBuildings
(	Building,								MutuallyExclusiveBuilding					)	VALUES
(	'BUILDING_COREXA_TIER1_SCI',				'BUILDING_COREXA_TIER1_CUL'				),		
(	'BUILDING_COREXA_TIER1_SCI',				'BUILDING_COREXA_TIER1_FAI'				),
(	'BUILDING_COREXA_TIER1_SCI',				'BUILDING_COREXB_TIER1_SCI'				),
(	'BUILDING_COREXA_TIER1_SCI',				'BUILDING_COREXC_TIER1_SCI'				),
(	'BUILDING_COREXA_TIER1_CUL',	            'BUILDING_COREXA_TIER1_SCI'				),
(	'BUILDING_COREXA_TIER1_CUL',	            'BUILDING_COREXA_TIER1_FAI'				),
(	'BUILDING_COREXA_TIER1_CUL',	            'BUILDING_COREXB_TIER1_CUL'				),
(	'BUILDING_COREXA_TIER1_CUL',	            'BUILDING_COREXC_TIER1_CUL'				),
(	'BUILDING_COREXA_TIER1_FAI',	            'BUILDING_COREXB_TIER1_FAI'				),
(	'BUILDING_COREXA_TIER1_FAI',	            'BUILDING_COREXC_TIER1_FAI'				),
(	'BUILDING_COREXA_TIER1_FAI',	            'BUILDING_COREXA_TIER1_CUL'				),
(	'BUILDING_COREXA_TIER1_FAI',	            'BUILDING_COREXA_TIER1_SCI'				),
(	'BUILDING_COREXA_TIER2_PLUSDIS',            'BUILDING_COREXA_TIER2_PRODDIS'			),
(	'BUILDING_COREXA_TIER2_PLUSDIS',            'BUILDING_COREXB_TIER2_PLUSDIS'			),
(	'BUILDING_COREXA_TIER2_PLUSDIS',            'BUILDING_COREXC_TIER2_PLUSDIS'			),
(	'BUILDING_COREXA_TIER2_PLUSDIS',            'BUILDING_COREXA_TIER2_DUBADJ'			),
(	'BUILDING_COREXA_TIER2_PRODDIS',            'BUILDING_COREXA_TIER2_PLUSDIS'			),
(	'BUILDING_COREXA_TIER2_PRODDIS',            'BUILDING_COREXB_TIER2_PRODDIS'			),
(	'BUILDING_COREXA_TIER2_PRODDIS',            'BUILDING_COREXC_TIER2_PRODDIS'			),
(	'BUILDING_COREXA_TIER2_PRODDIS',            'BUILDING_COREXA_TIER2_DUBADJ'			),
(	'BUILDING_COREXA_TIER2_DUBADJ',	            'BUILDING_COREXA_TIER2_PRODDIS'			),
(	'BUILDING_COREXA_TIER2_DUBADJ',	            'BUILDING_COREXA_TIER2_PLUSDIS'			),
(	'BUILDING_COREXA_TIER2_DUBADJ',	            'BUILDING_COREXB_TIER2_DUBADJ'			),
(	'BUILDING_COREXA_TIER2_DUBADJ',	            'BUILDING_COREXC_TIER2_DUBADJ'			),
(	'BUILDING_COREXA_TIER3_DIPLO',	            'BUILDING_COREXA_TIER3_GPPNT'			),
(	'BUILDING_COREXA_TIER3_DIPLO',	            'BUILDING_COREXA_TIER3_PROJT'			),
(	'BUILDING_COREXA_TIER3_DIPLO',	            'BUILDING_COREXB_TIER3_DIPLO'			),
(	'BUILDING_COREXA_TIER3_DIPLO',	            'BUILDING_COREXC_TIER3_DIPLO'			),
(	'BUILDING_COREXA_TIER3_GPPNT',	            'BUILDING_COREXA_TIER3_DIPLO'			),
(	'BUILDING_COREXA_TIER3_GPPNT',	            'BUILDING_COREXA_TIER3_PROJT'			),
(	'BUILDING_COREXA_TIER3_GPPNT',	            'BUILDING_COREXB_TIER3_GPPNT'			),
(	'BUILDING_COREXA_TIER3_GPPNT',	            'BUILDING_COREXC_TIER3_GPPNT'			),
(	'BUILDING_COREXA_TIER3_PROJT',	            'BUILDING_COREXA_TIER3_DIPLO'			),
(	'BUILDING_COREXA_TIER3_PROJT',	            'BUILDING_COREXA_TIER3_GPPNT'			),
(	'BUILDING_COREXA_TIER3_PROJT',	            'BUILDING_COREXB_TIER3_PROJT'			),
(	'BUILDING_COREXA_TIER3_PROJT',	            'BUILDING_COREXC_TIER3_PROJT'			),
(	'BUILDING_COREXB_TIER1_SCI',				'BUILDING_COREXB_TIER1_CUL'				),		
(	'BUILDING_COREXB_TIER1_SCI',				'BUILDING_COREXB_TIER1_FAI'				),
(	'BUILDING_COREXB_TIER1_SCI',				'BUILDING_COREXA_TIER1_SCI'				),
(	'BUILDING_COREXB_TIER1_SCI',				'BUILDING_COREXC_TIER1_SCI'				),
(	'BUILDING_COREXB_TIER1_CUL',	            'BUILDING_COREXB_TIER1_SCI'				),
(	'BUILDING_COREXB_TIER1_CUL',	            'BUILDING_COREXB_TIER1_FAI'				),
(	'BUILDING_COREXB_TIER1_CUL',	            'BUILDING_COREXA_TIER1_CUL'				),
(	'BUILDING_COREXB_TIER1_CUL',	            'BUILDING_COREXC_TIER1_CUL'				),
(	'BUILDING_COREXB_TIER1_FAI',	            'BUILDING_COREXA_TIER1_FAI'				),
(	'BUILDING_COREXB_TIER1_FAI',	            'BUILDING_COREXC_TIER1_FAI'				),
(	'BUILDING_COREXB_TIER1_FAI',	            'BUILDING_COREXB_TIER1_CUL'				),
(	'BUILDING_COREXB_TIER1_FAI',	            'BUILDING_COREXB_TIER1_SCI'				),
(	'BUILDING_COREXB_TIER2_PLUSDIS',            'BUILDING_COREXB_TIER2_PRODDIS'			),
(	'BUILDING_COREXB_TIER2_PLUSDIS',            'BUILDING_COREXA_TIER2_PLUSDIS'			),
(	'BUILDING_COREXB_TIER2_PLUSDIS',            'BUILDING_COREXC_TIER2_PLUSDIS'			),
(	'BUILDING_COREXB_TIER2_PLUSDIS',            'BUILDING_COREXB_TIER2_DUBADJ'			),
(	'BUILDING_COREXB_TIER2_PRODDIS',            'BUILDING_COREXB_TIER2_PLUSDIS'			),
(	'BUILDING_COREXB_TIER2_PRODDIS',            'BUILDING_COREXA_TIER2_PRODDIS'			),
(	'BUILDING_COREXB_TIER2_PRODDIS',            'BUILDING_COREXC_TIER2_PRODDIS'			),
(	'BUILDING_COREXB_TIER2_PRODDIS',            'BUILDING_COREXB_TIER2_DUBADJ'			),
(	'BUILDING_COREXB_TIER2_DUBADJ',	            'BUILDING_COREXB_TIER2_PRODDIS'			),
(	'BUILDING_COREXB_TIER2_DUBADJ',	            'BUILDING_COREXB_TIER2_PLUSDIS'			),
(	'BUILDING_COREXB_TIER2_DUBADJ',	            'BUILDING_COREXA_TIER2_DUBADJ'			),
(	'BUILDING_COREXB_TIER2_DUBADJ',	            'BUILDING_COREXC_TIER2_DUBADJ'			),
(	'BUILDING_COREXB_TIER3_DIPLO',	            'BUILDING_COREXB_TIER3_GPPNT'			),
(	'BUILDING_COREXB_TIER3_DIPLO',	            'BUILDING_COREXB_TIER3_PROJT'			),
(	'BUILDING_COREXB_TIER3_DIPLO',	            'BUILDING_COREXA_TIER3_DIPLO'			),
(	'BUILDING_COREXB_TIER3_DIPLO',	            'BUILDING_COREXC_TIER3_DIPLO'			),
(	'BUILDING_COREXB_TIER3_GPPNT',	            'BUILDING_COREXB_TIER3_DIPLO'			),
(	'BUILDING_COREXB_TIER3_GPPNT',	            'BUILDING_COREXB_TIER3_PROJT'			),
(	'BUILDING_COREXB_TIER3_GPPNT',	            'BUILDING_COREXA_TIER3_GPPNT'			),
(	'BUILDING_COREXB_TIER3_GPPNT',	            'BUILDING_COREXC_TIER3_GPPNT'			),
(	'BUILDING_COREXB_TIER3_PROJT',	            'BUILDING_COREXB_TIER3_DIPLO'			),
(	'BUILDING_COREXB_TIER3_PROJT',	            'BUILDING_COREXB_TIER3_GPPNT'			),
(	'BUILDING_COREXB_TIER3_PROJT',	            'BUILDING_COREXA_TIER3_PROJT'			),
(	'BUILDING_COREXB_TIER3_PROJT',	            'BUILDING_COREXC_TIER3_PROJT'			),                                           
(	'BUILDING_COREXC_TIER1_SCI',				'BUILDING_COREXC_TIER1_CUL'				),		
(	'BUILDING_COREXC_TIER1_SCI',				'BUILDING_COREXC_TIER1_FAI'				),
(	'BUILDING_COREXC_TIER1_SCI',				'BUILDING_COREXA_TIER1_SCI'				),
(	'BUILDING_COREXC_TIER1_SCI',				'BUILDING_COREXB_TIER1_SCI'				),
(	'BUILDING_COREXC_TIER1_CUL',	            'BUILDING_COREXC_TIER1_SCI'				),
(	'BUILDING_COREXC_TIER1_CUL',	            'BUILDING_COREXC_TIER1_FAI'				),
(	'BUILDING_COREXC_TIER1_CUL',	            'BUILDING_COREXA_TIER1_CUL'				),
(	'BUILDING_COREXC_TIER1_CUL',	            'BUILDING_COREXB_TIER1_CUL'				),
(	'BUILDING_COREXC_TIER1_FAI',	            'BUILDING_COREXA_TIER1_FAI'				),
(	'BUILDING_COREXC_TIER1_FAI',	            'BUILDING_COREXB_TIER1_FAI'				),
(	'BUILDING_COREXC_TIER1_FAI',	            'BUILDING_COREXC_TIER1_CUL'				),
(	'BUILDING_COREXC_TIER1_FAI',	            'BUILDING_COREXC_TIER1_SCI'				),
(	'BUILDING_COREXC_TIER2_PLUSDIS',            'BUILDING_COREXC_TIER2_PRODDIS'			),
(	'BUILDING_COREXC_TIER2_PLUSDIS',            'BUILDING_COREXA_TIER2_PLUSDIS'			),
(	'BUILDING_COREXC_TIER2_PLUSDIS',            'BUILDING_COREXB_TIER2_PLUSDIS'			),
(	'BUILDING_COREXC_TIER2_PLUSDIS',            'BUILDING_COREXC_TIER2_DUBADJ'			),
(	'BUILDING_COREXC_TIER2_PRODDIS',            'BUILDING_COREXC_TIER2_PLUSDIS'			),
(	'BUILDING_COREXC_TIER2_PRODDIS',            'BUILDING_COREXA_TIER2_PRODDIS'			),
(	'BUILDING_COREXC_TIER2_PRODDIS',            'BUILDING_COREXB_TIER2_PRODDIS'			),
(	'BUILDING_COREXC_TIER2_PRODDIS',            'BUILDING_COREXC_TIER2_DUBADJ'			),
(	'BUILDING_COREXC_TIER2_DUBADJ',	            'BUILDING_COREXC_TIER2_PRODDIS'			),
(	'BUILDING_COREXC_TIER2_DUBADJ',	            'BUILDING_COREXC_TIER2_PLUSDIS'			),
(	'BUILDING_COREXC_TIER2_DUBADJ',	            'BUILDING_COREXA_TIER2_DUBADJ'			),
(	'BUILDING_COREXC_TIER2_DUBADJ',	            'BUILDING_COREXB_TIER2_DUBADJ'			),
(	'BUILDING_COREXC_TIER3_DIPLO',	            'BUILDING_COREXC_TIER3_GPPNT'			),
(	'BUILDING_COREXC_TIER3_DIPLO',	            'BUILDING_COREXC_TIER3_PROJT'			),
(	'BUILDING_COREXC_TIER3_DIPLO',	            'BUILDING_COREXA_TIER3_DIPLO'			),
(	'BUILDING_COREXC_TIER3_DIPLO',	            'BUILDING_COREXB_TIER3_DIPLO'			),
(	'BUILDING_COREXC_TIER3_GPPNT',	            'BUILDING_COREXC_TIER3_DIPLO'			),
(	'BUILDING_COREXC_TIER3_GPPNT',	            'BUILDING_COREXC_TIER3_PROJT'			),
(	'BUILDING_COREXC_TIER3_GPPNT',	            'BUILDING_COREXA_TIER3_GPPNT'			),
(	'BUILDING_COREXC_TIER3_GPPNT',	            'BUILDING_COREXB_TIER3_GPPNT'			),
(	'BUILDING_COREXC_TIER3_PROJT',	            'BUILDING_COREXC_TIER3_DIPLO'			),
(	'BUILDING_COREXC_TIER3_PROJT',	            'BUILDING_COREXC_TIER3_GPPNT'			),
(	'BUILDING_COREXC_TIER3_PROJT',	            'BUILDING_COREXA_TIER3_PROJT'			),
(	'BUILDING_COREXC_TIER3_PROJT',	            'BUILDING_COREXB_TIER3_PROJT'			); 

INSERT INTO BuildingPrereqs
(	Building,							PrereqBuilding							)	VALUES
(	'BUILDING_COREXA_TIER2_PLUSDIS',	'BUILDING_COREXA_TIER1_SCI'				),
(	'BUILDING_COREXA_TIER2_PLUSDIS',	'BUILDING_COREXA_TIER1_CUL'				),
(	'BUILDING_COREXA_TIER2_PLUSDIS',	'BUILDING_COREXA_TIER1_FAI'				),
(	'BUILDING_COREXA_TIER2_PRODDIS',	'BUILDING_COREXA_TIER1_SCI'				),
(	'BUILDING_COREXA_TIER2_PRODDIS',    'BUILDING_COREXA_TIER1_CUL'				),
(	'BUILDING_COREXA_TIER2_PRODDIS',    'BUILDING_COREXA_TIER1_FAI'				),
(	'BUILDING_COREXA_TIER2_DUBADJ',		'BUILDING_COREXA_TIER1_SCI'             ),
(	'BUILDING_COREXA_TIER2_DUBADJ',	    'BUILDING_COREXA_TIER1_CUL'             ),
(	'BUILDING_COREXA_TIER2_DUBADJ',	    'BUILDING_COREXA_TIER1_FAI'             ),
(	'BUILDING_COREXA_TIER3_DIPLO',		'BUILDING_COREXA_TIER2_PLUSDIS'         ),
(	'BUILDING_COREXA_TIER3_DIPLO',	    'BUILDING_COREXA_TIER2_PRODDIS'			),
(	'BUILDING_COREXA_TIER3_DIPLO',	    'BUILDING_COREXA_TIER2_DUBADJ'          ),
(	'BUILDING_COREXA_TIER3_GPPNT',		'BUILDING_COREXA_TIER2_PLUSDIS'         ),
(	'BUILDING_COREXA_TIER3_GPPNT',	    'BUILDING_COREXA_TIER2_PRODDIS'         ),
(	'BUILDING_COREXA_TIER3_GPPNT',	    'BUILDING_COREXA_TIER2_DUBADJ'          ),
(	'BUILDING_COREXA_TIER3_PROJT',		'BUILDING_COREXA_TIER2_PLUSDIS'			),
(	'BUILDING_COREXA_TIER3_PROJT',	    'BUILDING_COREXA_TIER2_PRODDIS'         ),
(	'BUILDING_COREXA_TIER3_PROJT',	    'BUILDING_COREXA_TIER2_DUBADJ'          ),
(	'BUILDING_COREXB_TIER2_PLUSDIS',	'BUILDING_COREXB_TIER1_SCI'          	),   
(	'BUILDING_COREXB_TIER2_PLUSDIS',    'BUILDING_COREXB_TIER1_CUL'             ),
(	'BUILDING_COREXB_TIER2_PLUSDIS',    'BUILDING_COREXB_TIER1_FAI'             ),
(	'BUILDING_COREXB_TIER2_PRODDIS',	'BUILDING_COREXB_TIER1_SCI'             ),
(	'BUILDING_COREXB_TIER2_PRODDIS',    'BUILDING_COREXB_TIER1_CUL'             ),
(	'BUILDING_COREXB_TIER2_PRODDIS',    'BUILDING_COREXB_TIER1_FAI'             ),
(	'BUILDING_COREXB_TIER2_DUBADJ',		'BUILDING_COREXB_TIER1_SCI'             ),
(	'BUILDING_COREXB_TIER2_DUBADJ',	    'BUILDING_COREXB_TIER1_CUL'             ),
(	'BUILDING_COREXB_TIER2_DUBADJ',	    'BUILDING_COREXB_TIER1_FAI'             ),
(	'BUILDING_COREXB_TIER3_DIPLO',		'BUILDING_COREXB_TIER2_PLUSDIS'         ),
(	'BUILDING_COREXB_TIER3_DIPLO',	    'BUILDING_COREXB_TIER2_PRODDIS'         ),
(	'BUILDING_COREXB_TIER3_DIPLO',	    'BUILDING_COREXB_TIER2_DUBADJ'          ),
(	'BUILDING_COREXB_TIER3_GPPNT',		'BUILDING_COREXB_TIER2_PLUSDIS'         ),
(	'BUILDING_COREXB_TIER3_GPPNT',	    'BUILDING_COREXB_TIER2_PRODDIS'         ),
(	'BUILDING_COREXB_TIER3_GPPNT',	    'BUILDING_COREXB_TIER2_DUBADJ'          ),
(	'BUILDING_COREXB_TIER3_PROJT',		'BUILDING_COREXB_TIER2_PLUSDIS'         ),
(	'BUILDING_COREXB_TIER3_PROJT',	    'BUILDING_COREXB_TIER2_PRODDIS'         ),
(	'BUILDING_COREXB_TIER3_PROJT',	    'BUILDING_COREXB_TIER2_DUBADJ'          ),
(	'BUILDING_COREXC_TIER2_PLUSDIS',	'BUILDING_COREXC_TIER1_SCI'				),
(	'BUILDING_COREXC_TIER2_PLUSDIS',    'BUILDING_COREXC_TIER1_CUL'             ),
(	'BUILDING_COREXC_TIER2_PLUSDIS',    'BUILDING_COREXC_TIER1_FAI'             ),
(	'BUILDING_COREXC_TIER2_PRODDIS',	'BUILDING_COREXC_TIER1_SCI'             ),
(	'BUILDING_COREXC_TIER2_PRODDIS',    'BUILDING_COREXC_TIER1_CUL'             ),
(	'BUILDING_COREXC_TIER2_PRODDIS',    'BUILDING_COREXC_TIER1_FAI'             ),
(	'BUILDING_COREXC_TIER2_DUBADJ',		'BUILDING_COREXC_TIER1_SCI'             ),
(	'BUILDING_COREXC_TIER2_DUBADJ',	    'BUILDING_COREXC_TIER1_CUL'             ),
(	'BUILDING_COREXC_TIER2_DUBADJ',	    'BUILDING_COREXC_TIER1_FAI'             ),
(	'BUILDING_COREXC_TIER3_DIPLO',		'BUILDING_COREXC_TIER2_PLUSDIS'         ),
(	'BUILDING_COREXC_TIER3_DIPLO',	    'BUILDING_COREXC_TIER2_PRODDIS'         ),
(	'BUILDING_COREXC_TIER3_DIPLO',	    'BUILDING_COREXC_TIER2_DUBADJ'          ),
(	'BUILDING_COREXC_TIER3_GPPNT',		'BUILDING_COREXC_TIER2_PLUSDIS'         ),
(	'BUILDING_COREXC_TIER3_GPPNT',	    'BUILDING_COREXC_TIER2_PRODDIS'         ),
(	'BUILDING_COREXC_TIER3_GPPNT',	    'BUILDING_COREXC_TIER2_DUBADJ'          ),
(	'BUILDING_COREXC_TIER3_PROJT',		'BUILDING_COREXC_TIER2_PLUSDIS'         ),
(	'BUILDING_COREXC_TIER3_PROJT',	    'BUILDING_COREXC_TIER2_PRODDIS'         ),
(	'BUILDING_COREXC_TIER3_PROJT',	    'BUILDING_COREXC_TIER2_DUBADJ'          );


--======================================================================================================================================================================================================--